id_provincia_indec,fecha,puestos,masa
2.0,2014-01-01,1146412.0,15594078576.0
2.0,2014-02-01,1147371.0,15044491059.0
2.0,2014-03-01,1149616.0,16476334372.0
2.0,2014-04-01,1148638.0,16622068501.0
2.0,2014-05-01,1150599.0,16165221991.0
2.0,2014-06-01,1154283.0,23810940482.0
2.0,2014-07-01,1153460.0,17261560552.0
2.0,2014-08-01,1154350.0,17444630694.0
2.0,2014-09-01,1161179.0,18352328235.0
2.0,2014-10-01,1163131.0,18664964884.0
2.0,2014-11-01,1166331.0,18862870990.0
2.0,2014-12-01,1169558.0,27855077530.0
2.0,2015-01-01,1160982.0,21135991514.0
2.0,2015-02-01,1162443.0,20164487320.0
2.0,2015-03-01,1172665.0,22083575844.0
2.0,2015-04-01,1172368.0,21431426152.0
2.0,2015-05-01,1174058.0,21402279790.0
2.0,2015-06-01,1181859.0,33307265277.0
2.0,2015-07-01,1184485.0,23404835333.0
2.0,2015-08-01,1185857.0,23716686169.0
2.0,2015-09-01,1188506.0,24336056441.0
2.0,2015-10-01,1193112.0,24889207237.0
2.0,2015-11-01,1194185.0,25477117208.0
2.0,2015-12-01,1195254.0,37742957353.0
2.0,2016-01-01,1183173.0,27877879264.0
2.0,2016-02-01,1186657.0,27537582943.0
2.0,2016-03-01,1191794.0,29724103615.0
2.0,2016-04-01,1189386.0,29371368574.0
2.0,2016-05-01,1190067.0,30107581029.0
2.0,2016-06-01,1189767.0,43265011570.0
2.0,2016-07-01,1187916.0,30885798874.0
2.0,2016-08-01,1189398.0,31654547306.0
2.0,2016-09-01,1191172.0,32324192660.0
2.0,2016-10-01,1193183.0,33403111421.0
2.0,2016-11-01,1196205.0,34419938289.0
2.0,2016-12-01,1196368.0,51400746433.0
2.0,2017-01-01,1185299.0,38107443006.0
2.0,2017-02-01,1185604.0,36683850010.0
2.0,2017-03-01,1195816.0,39393672558.0
2.0,2017-04-01,1189628.0,38624543810.0
2.0,2017-05-01,1194127.0,38714228506.0
2.0,2017-06-01,1194642.0,56215940518.0
2.0,2017-07-01,1195743.0,40462800747.0
2.0,2017-08-01,1199800.0,41219948110.0
2.0,2017-09-01,1199878.0,42048900151.0
2.0,2017-10-01,1204631.0,43116007515.0
2.0,2017-11-01,1207208.0,43505503681.0
2.0,2017-12-01,1208830.0,64145511152.0
2.0,2018-01-01,1197686.0,48305961583.0
2.0,2018-02-01,1199162.0,46297010624.0
2.0,2018-03-01,1205494.0,49672650714.0
2.0,2018-04-01,1201284.0,48910838324.0
2.0,2018-05-01,1201229.0,48887934177.0
2.0,2018-06-01,1198865.0,70227073963.0
2.0,2018-07-01,1198453.0,50181911702.0
2.0,2018-08-01,1200243.0,51534682404.0
2.0,2018-09-01,1197428.0,53299392183.0
2.0,2018-10-01,1199474.0,56090681646.0
2.0,2018-11-01,1196211.0,58192131251.0
2.0,2018-12-01,1192881.0,85387802910.0
2.0,2019-01-01,1183770.0,65519117836.0
2.0,2019-02-01,1185407.0,66495868446.0
2.0,2019-03-01,1188814.0,74426289984.0
2.0,2019-04-01,1182183.0,72357911195.0
2.0,2019-05-01,1181419.0,71148492482.0
2.0,2019-06-01,1179720.0,101638998080.0
2.0,2019-07-01,1180645.0,74463251297.0
2.0,2019-08-01,1181831.0,76896451416.0
2.0,2019-09-01,1177730.0,80562598452.0
2.0,2019-10-01,1180333.0,86319447265.0
2.0,2019-11-01,1174299.0,86182506838.0
2.0,2019-12-01,1175188.0,126833897800.0
2.0,2020-01-01,1163353.0,100420985672.0
2.0,2020-02-01,1164961.0,100234100278.0
2.0,2020-03-01,1163384.0,105987777857.0
2.0,2020-04-01,1141056.0,96288049293.0
2.0,2020-05-01,1135820.0,94054775465.0
2.0,2020-06-01,1135996.0,135064920701.0
2.0,2020-07-01,1134167.0,100486512546.0
2.0,2020-08-01,1136106.0,101505418996.0
2.0,2020-09-01,1136362.0,104590242371.0
2.0,2020-10-01,1137124.0,109749260751.0
2.0,2020-11-01,1138917.0,112813240662.0
2.0,2020-12-01,1137991.0,165790504463.0
2.0,2021-01-01,1133709.0,134849216220.0
2.0,2021-02-01,1135543.0,131009251597.0
2.0,2021-03-01,1140273.0,146896419846.0
2.0,2021-04-01,1140291.0,142002129883.0
2.0,2021-05-01,1138099.0,137424625404.0
2.0,2021-06-01,1139805.0,203602419108.0
2.0,2021-07-01,1139310.0,151005861847.0
2.0,2021-08-01,1142125.0,152767438085.0
2.0,2021-09-01,1144609.0,164269273540.0
2.0,2021-10-01,1147990.0,172056515310.0
2.0,2021-11-01,1151964.0,176678689673.0
2.0,2021-12-01,1151568.0,264771089139.0
2.0,2022-01-01,1144138.0,211385377714.0
2.0,2022-02-01,1147149.0,209752870412.0
2.0,2022-03-01,1154298.0,239865835086.0
2.0,2022-04-01,1151708.0,228919573877.0
2.0,2022-05-01,1154363.0,238239205648.0
2.0,2022-06-01,1155519.0,346312726954.0
2.0,2022-07-01,1157235.0,262719643198.0
2.0,2022-08-01,1158224.0,272774731712.0
2.0,2022-09-01,1159590.0,296971304191.0
2.0,2022-10-01,1161435.0,314201949660.0
2.0,2022-11-01,1161971.0,338112211278.0
6.0,2014-01-01,3725358.0,37337153954.0
6.0,2014-02-01,3718815.0,36041256448.0
6.0,2014-03-01,3694941.0,38144838981.0
6.0,2014-04-01,3690948.0,39726783850.0
6.0,2014-05-01,3694457.0,39803041090.0
6.0,2014-06-01,3702104.0,57575613501.0
6.0,2014-07-01,3693408.0,42268811022.0
6.0,2014-08-01,3686671.0,42630343152.0
6.0,2014-09-01,3711932.0,44798156163.0
6.0,2014-10-01,3730118.0,45399089787.0
6.0,2014-11-01,3748702.0,45721468625.0
6.0,2014-12-01,3766601.0,67534628616.0
6.0,2015-01-01,3783357.0,50297502121.0
6.0,2015-02-01,3769978.0,49024370314.0
6.0,2015-03-01,3769455.0,51781794399.0
6.0,2015-04-01,3771050.0,51961632409.0
6.0,2015-05-01,3776273.0,52745924265.0
6.0,2015-06-01,3795842.0,79429928729.0
6.0,2015-07-01,3807461.0,58063726679.0
6.0,2015-08-01,3824225.0,58823148106.0
6.0,2015-09-01,3833520.0,60582558258.0
6.0,2015-10-01,3864476.0,61525681901.0
6.0,2015-11-01,3875025.0,62747286134.0
6.0,2015-12-01,3867030.0,91967737550.0
6.0,2016-01-01,3856316.0,67306616351.0
6.0,2016-02-01,3851025.0,66215548196.0
6.0,2016-03-01,3839241.0,69396712892.0
6.0,2016-04-01,3819914.0,70724794196.0
6.0,2016-05-01,3810140.0,72255707793.0
6.0,2016-06-01,3808434.0,104519188298.0
6.0,2016-07-01,3801486.0,76123209814.0
6.0,2016-08-01,3801287.0,78018734896.0
6.0,2016-09-01,3804389.0,78796910401.0
6.0,2016-10-01,3815523.0,81219464667.0
6.0,2016-11-01,3834023.0,84060899285.0
6.0,2016-12-01,3846005.0,124270872860.0
6.0,2017-01-01,3838322.0,92268413792.0
6.0,2017-02-01,3827239.0,88370926144.0
6.0,2017-03-01,3836759.0,92809150062.0
6.0,2017-04-01,3808192.0,91234441096.0
6.0,2017-05-01,3823700.0,93156804576.0
6.0,2017-06-01,3827375.0,134834652006.0
6.0,2017-07-01,3826331.0,99774503040.0
6.0,2017-08-01,3839929.0,100612906704.0
6.0,2017-09-01,3840138.0,102487186804.0
6.0,2017-10-01,3868569.0,104922332723.0
6.0,2017-11-01,3891312.0,107268331869.0
6.0,2017-12-01,3900985.0,155260662478.0
6.0,2018-01-01,3907943.0,116729817655.0
6.0,2018-02-01,3878601.0,111401398551.0
6.0,2018-03-01,3872060.0,115973503785.0
6.0,2018-04-01,3853000.0,118855279501.0
6.0,2018-05-01,3840411.0,118000755499.0
6.0,2018-06-01,3822121.0,168727897194.0
6.0,2018-07-01,3827036.0,123271569764.0
6.0,2018-08-01,3827918.0,126234097807.0
6.0,2018-09-01,3807397.0,127128956271.0
6.0,2018-10-01,3817933.0,135961116267.0
6.0,2018-11-01,3809466.0,140798716066.0
6.0,2018-12-01,3809184.0,207415031523.0
6.0,2019-01-01,3799083.0,153568735079.0
6.0,2019-02-01,3795113.0,151031458126.0
6.0,2019-03-01,3784082.0,161846066858.0
6.0,2019-04-01,3765797.0,161906439014.0
6.0,2019-05-01,3764908.0,166402391858.0
6.0,2019-06-01,3760986.0,236895357600.0
6.0,2019-07-01,3767488.0,178220131921.0
6.0,2019-08-01,3767036.0,182928542113.0
6.0,2019-09-01,3750599.0,187406250243.0
6.0,2019-10-01,3769392.0,200160613199.0
6.0,2019-11-01,3748135.0,200810046322.0
6.0,2019-12-01,3751006.0,291603870664.0
6.0,2020-01-01,3728972.0,224514534047.0
6.0,2020-02-01,3719754.0,226340942365.0
6.0,2020-03-01,3704182.0,233844173793.0
6.0,2020-04-01,3644349.0,216568961102.0
6.0,2020-05-01,3628864.0,216070185748.0
6.0,2020-06-01,3627929.0,318122618186.0
6.0,2020-07-01,3630309.0,229986015187.0
6.0,2020-08-01,3635927.0,234491614316.0
6.0,2020-09-01,3642331.0,242148097807.0
6.0,2020-10-01,3652148.0,258747652051.0
6.0,2020-11-01,3677203.0,265912539606.0
6.0,2020-12-01,3687412.0,394856944704.0
6.0,2021-01-01,3670990.0,295534108755.0
6.0,2021-02-01,3674482.0,297347013786.0
6.0,2021-03-01,3691020.0,321880138677.0
6.0,2021-04-01,3695507.0,328120915899.0
6.0,2021-05-01,3690001.0,327783414461.0
6.0,2021-06-01,3695729.0,483838391705.0
6.0,2021-07-01,3705670.0,362364417681.0
6.0,2021-08-01,3719288.0,371854112071.0
6.0,2021-09-01,3741475.0,388654994523.0
6.0,2021-10-01,3763699.0,408235450834.0
6.0,2021-11-01,3800664.0,428214044473.0
6.0,2021-12-01,3815874.0,645646993097.0
6.0,2022-01-01,3820502.0,481292888797.0
6.0,2022-02-01,3820528.0,477789578339.0
6.0,2022-03-01,3838709.0,538799058430.0
6.0,2022-04-01,3837050.0,546840022484.0
6.0,2022-05-01,3850189.0,576878795128.0
6.0,2022-06-01,3863268.0,843813455064.0
6.0,2022-07-01,3879767.0,634550871846.0
6.0,2022-08-01,3876573.0,666155316579.0
6.0,2022-09-01,3898793.0,728563933705.0
6.0,2022-10-01,3919890.0,772129110576.0
6.0,2022-11-01,3941981.0,833378665063.0
10.0,2014-01-01,86283.0,684489970.0
10.0,2014-02-01,86875.0,666791165.0
10.0,2014-03-01,86261.0,684444583.0
10.0,2014-04-01,87170.0,741337507.0
10.0,2014-05-01,88817.0,773003884.0
10.0,2014-06-01,88907.0,1117297212.0
10.0,2014-07-01,88889.0,816600023.0
10.0,2014-08-01,88731.0,823747071.0
10.0,2014-09-01,89016.0,824011809.0
10.0,2014-10-01,89355.0,843687116.0
10.0,2014-11-01,89875.0,875845175.0
10.0,2014-12-01,90371.0,1323020794.0
10.0,2015-01-01,89661.0,893052754.0
10.0,2015-02-01,91545.0,884846517.0
10.0,2015-03-01,91994.0,959108458.0
10.0,2015-04-01,91725.0,958453223.0
10.0,2015-05-01,91826.0,1029903694.0
10.0,2015-06-01,92096.0,1579607338.0
10.0,2015-07-01,91940.0,1111057580.0
10.0,2015-08-01,92296.0,1114637762.0
10.0,2015-09-01,92261.0,1123701592.0
10.0,2015-10-01,92831.0,1140929807.0
10.0,2015-11-01,91489.0,1142197994.0
10.0,2015-12-01,91060.0,1705965267.0
10.0,2016-01-01,90263.0,1162856019.0
10.0,2016-02-01,90705.0,1190164751.0
10.0,2016-03-01,91204.0,1216238391.0
10.0,2016-04-01,90385.0,1242834611.0
10.0,2016-05-01,89758.0,1297759483.0
10.0,2016-06-01,89776.0,1940465451.0
10.0,2016-07-01,89474.0,1407370097.0
10.0,2016-08-01,89410.0,1442730657.0
10.0,2016-09-01,89438.0,1429970118.0
10.0,2016-10-01,89730.0,1468838815.0
10.0,2016-11-01,89997.0,1501817574.0
10.0,2016-12-01,90081.0,2309986521.0
10.0,2017-01-01,90516.0,1572173085.0
10.0,2017-02-01,91446.0,1557455592.0
10.0,2017-03-01,91657.0,1561628451.0
10.0,2017-04-01,91061.0,1582156494.0
10.0,2017-05-01,91024.0,1714377795.0
10.0,2017-06-01,91147.0,2531632297.0
10.0,2017-07-01,90868.0,1792592789.0
10.0,2017-08-01,90800.0,1840039387.0
10.0,2017-09-01,90365.0,1863497116.0
10.0,2017-10-01,90824.0,1906857606.0
10.0,2017-11-01,90680.0,1920886343.0
10.0,2017-12-01,91021.0,2818768449.0
10.0,2018-01-01,90294.0,1994709914.0
10.0,2018-02-01,91140.0,1917560185.0
10.0,2018-03-01,91388.0,2045049324.0
10.0,2018-04-01,91346.0,2113854677.0
10.0,2018-05-01,91071.0,2161488700.0
10.0,2018-06-01,91112.0,3155649676.0
10.0,2018-07-01,90651.0,2383503271.0
10.0,2018-08-01,90168.0,2314983260.0
10.0,2018-09-01,89572.0,2371947067.0
10.0,2018-10-01,89538.0,2387823693.0
10.0,2018-11-01,89477.0,2499631014.0
10.0,2018-12-01,89151.0,3796200602.0
10.0,2019-01-01,88986.0,2681816538.0
10.0,2019-02-01,89928.0,2645912556.0
10.0,2019-03-01,89850.0,2944869745.0
10.0,2019-04-01,89381.0,2954374217.0
10.0,2019-05-01,89531.0,2986601138.0
10.0,2019-06-01,89797.0,4567285469.0
10.0,2019-07-01,89706.0,3238304692.0
10.0,2019-08-01,89975.0,3388222858.0
10.0,2019-09-01,89845.0,3477526171.0
10.0,2019-10-01,90932.0,3724561149.0
10.0,2019-11-01,90643.0,3852392042.0
10.0,2019-12-01,90928.0,5856640530.0
10.0,2020-01-01,90848.0,4225531395.0
10.0,2020-02-01,92001.0,4216538734.0
10.0,2020-03-01,92167.0,4272530272.0
10.0,2020-04-01,90447.0,4128793491.0
10.0,2020-05-01,90072.0,4169998220.0
10.0,2020-06-01,90065.0,6114644872.0
10.0,2020-07-01,89143.0,4299356780.0
10.0,2020-08-01,89217.0,4347045954.0
10.0,2020-09-01,89168.0,4368202438.0
10.0,2020-10-01,87823.0,4696597333.0
10.0,2020-11-01,88375.0,4799211939.0
10.0,2020-12-01,88372.0,7623914097.0
10.0,2021-01-01,89810.0,5470779012.0
10.0,2021-02-01,90829.0,5617905309.0
10.0,2021-03-01,90312.0,8649153550.0
10.0,2021-04-01,90182.0,6184687311.0
10.0,2021-05-01,90208.0,6319447039.0
10.0,2021-06-01,90131.0,9548675111.0
10.0,2021-07-01,91272.0,6661074196.0
10.0,2021-08-01,91729.0,7098173649.0
10.0,2021-09-01,92292.0,7254991881.0
10.0,2021-10-01,92624.0,7690445922.0
10.0,2021-11-01,93461.0,8065856472.0
10.0,2021-12-01,93339.0,12223481977.0
10.0,2022-01-01,93358.0,8631622816.0
10.0,2022-02-01,94561.0,8672587886.0
10.0,2022-03-01,95503.0,9655362552.0
10.0,2022-04-01,95385.0,9793241946.0
10.0,2022-05-01,95358.0,10584133249.0
10.0,2022-06-01,96134.0,16259596680.0
10.0,2022-07-01,96389.0,12083600121.0
10.0,2022-08-01,96687.0,12598951463.0
10.0,2022-09-01,97252.0,14091974387.0
10.0,2022-10-01,97866.0,14839048910.0
10.0,2022-11-01,98901.0,16210247437.0
14.0,2014-01-01,734241.0,7124211338.0
14.0,2014-02-01,724404.0,6929760361.0
14.0,2014-03-01,667011.0,6577520343.0
14.0,2014-04-01,720837.0,7501477134.0
14.0,2014-05-01,720791.0,7571493357.0
14.0,2014-06-01,720860.0,11109260676.0
14.0,2014-07-01,721808.0,8010002890.0
14.0,2014-08-01,722011.0,8084806567.0
14.0,2014-09-01,724515.0,8313612564.0
14.0,2014-10-01,727185.0,8529978222.0
14.0,2014-11-01,730976.0,8763401383.0
14.0,2014-12-01,733143.0,13206268199.0
14.0,2015-01-01,737914.0,9567392607.0
14.0,2015-02-01,734677.0,9544844438.0
14.0,2015-03-01,731182.0,9586263628.0
14.0,2015-04-01,734296.0,9889425585.0
14.0,2015-05-01,735831.0,10162508355.0
14.0,2015-06-01,737640.0,15463482332.0
14.0,2015-07-01,740629.0,11165538312.0
14.0,2015-08-01,741464.0,11103513526.0
14.0,2015-09-01,743100.0,11387776648.0
14.0,2015-10-01,747306.0,11442200295.0
14.0,2015-11-01,748649.0,11798697776.0
14.0,2015-12-01,749402.0,17683202722.0
14.0,2016-01-01,749701.0,12903450446.0
14.0,2016-02-01,743775.0,12348423065.0
14.0,2016-03-01,746642.0,13512748543.0
14.0,2016-04-01,743453.0,13544302012.0
14.0,2016-05-01,744631.0,14024295624.0
14.0,2016-06-01,741589.0,20284866908.0
14.0,2016-07-01,740971.0,14534105640.0
14.0,2016-08-01,743402.0,14907157694.0
14.0,2016-09-01,743523.0,15014739787.0
14.0,2016-10-01,744753.0,15430457736.0
14.0,2016-11-01,747624.0,15918861748.0
14.0,2016-12-01,749658.0,23853441897.0
14.0,2017-01-01,752486.0,17772259439.0
14.0,2017-02-01,742818.0,16429629658.0
14.0,2017-03-01,744211.0,17303731152.0
14.0,2017-04-01,744399.0,18265226190.0
14.0,2017-05-01,745353.0,18138186134.0
14.0,2017-06-01,745282.0,26677474471.0
14.0,2017-07-01,747992.0,19333608587.0
14.0,2017-08-01,750750.0,19438548948.0
14.0,2017-09-01,750816.0,19277961297.0
14.0,2017-10-01,757066.0,19927680164.0
14.0,2017-11-01,759170.0,20162396145.0
14.0,2017-12-01,761530.0,30335926613.0
14.0,2018-01-01,765284.0,22554698397.0
14.0,2018-02-01,755124.0,20969464167.0
14.0,2018-03-01,759612.0,21861459167.0
14.0,2018-04-01,757148.0,22255427505.0
14.0,2018-05-01,756010.0,22765230982.0
14.0,2018-06-01,753962.0,33069612160.0
14.0,2018-07-01,752650.0,23640905529.0
14.0,2018-08-01,752709.0,24028478137.0
14.0,2018-09-01,749031.0,24245449718.0
14.0,2018-10-01,750700.0,26055199740.0
14.0,2018-11-01,749392.0,26883430543.0
14.0,2018-12-01,747411.0,40528997778.0
14.0,2019-01-01,739304.0,28214067987.0
14.0,2019-02-01,741382.0,28220606219.0
14.0,2019-03-01,741606.0,30175016443.0
14.0,2019-04-01,737322.0,30757380776.0
14.0,2019-05-01,737780.0,31596449959.0
14.0,2019-06-01,734772.0,45889774111.0
14.0,2019-07-01,733406.0,33230557505.0
14.0,2019-08-01,734357.0,34129179063.0
14.0,2019-09-01,730411.0,34765757899.0
14.0,2019-10-01,732590.0,37565938279.0
14.0,2019-11-01,732499.0,37682428512.0
14.0,2019-12-01,732192.0,56075466191.0
14.0,2020-01-01,732423.0,42719170140.0
14.0,2020-02-01,724891.0,41339689950.0
14.0,2020-03-01,718234.0,41265841438.0
14.0,2020-04-01,713219.0,40242429530.0
14.0,2020-05-01,706140.0,39862048442.0
14.0,2020-06-01,708115.0,59647152576.0
14.0,2020-07-01,706103.0,42549734431.0
14.0,2020-08-01,706618.0,43290138493.0
14.0,2020-09-01,708089.0,44611377551.0
14.0,2020-10-01,710232.0,46751216039.0
14.0,2020-11-01,712747.0,49126408194.0
14.0,2020-12-01,714356.0,72230403909.0
14.0,2021-01-01,717378.0,54355152796.0
14.0,2021-02-01,715749.0,53540295658.0
14.0,2021-03-01,722715.0,57605717378.0
14.0,2021-04-01,722603.0,60189188414.0
14.0,2021-05-01,722834.0,60759553768.0
14.0,2021-06-01,723282.0,89634042869.0
14.0,2021-07-01,723999.0,64350549205.0
14.0,2021-08-01,725972.0,66655121438.0
14.0,2021-09-01,730850.0,69761525956.0
14.0,2021-10-01,732592.0,73481249468.0
14.0,2021-11-01,739281.0,77549217218.0
14.0,2021-12-01,740483.0,114588928807.0
14.0,2022-01-01,745531.0,87483177877.0
14.0,2022-02-01,743460.0,85117306016.0
14.0,2022-03-01,761843.0,96975042089.0
14.0,2022-04-01,742701.0,97716980304.0
14.0,2022-05-01,754723.0,104219044336.0
14.0,2022-06-01,748732.0,153949137489.0
14.0,2022-07-01,752328.0,114965038790.0
14.0,2022-08-01,753861.0,121101375849.0
14.0,2022-09-01,757235.0,130178467416.0
14.0,2022-10-01,760998.0,137285652173.0
14.0,2022-11-01,765274.0,149947921488.0
18.0,2014-01-01,168475.0,1440560957.0
18.0,2014-02-01,168357.0,1408182790.0
18.0,2014-03-01,169177.0,1495154984.0
18.0,2014-04-01,169340.0,1578882488.0
18.0,2014-05-01,170313.0,1573591772.0
18.0,2014-06-01,170280.0,2311155416.0
18.0,2014-07-01,170121.0,1673159181.0
18.0,2014-08-01,170651.0,1722111135.0
18.0,2014-09-01,173225.0,1772202625.0
18.0,2014-10-01,173125.0,1845594286.0
18.0,2014-11-01,173811.0,1872041186.0
18.0,2014-12-01,173578.0,2660549270.0
18.0,2015-01-01,171684.0,1902218521.0
18.0,2015-02-01,172023.0,1888410585.0
18.0,2015-03-01,173865.0,1970320239.0
18.0,2015-04-01,172857.0,1991441038.0
18.0,2015-05-01,173620.0,2060509692.0
18.0,2015-06-01,174143.0,3067696738.0
18.0,2015-07-01,174587.0,2288081691.0
18.0,2015-08-01,175679.0,2304850657.0
18.0,2015-09-01,176221.0,2323612008.0
18.0,2015-10-01,177167.0,2368890306.0
18.0,2015-11-01,176988.0,2433647106.0
18.0,2015-12-01,175776.0,3450385874.0
18.0,2016-01-01,174426.0,2501463500.0
18.0,2016-02-01,174596.0,2447984572.0
18.0,2016-03-01,175324.0,2590351299.0
18.0,2016-04-01,176076.0,2686103721.0
18.0,2016-05-01,176387.0,2766287544.0
18.0,2016-06-01,176170.0,4002790282.0
18.0,2016-07-01,176339.0,3006115921.0
18.0,2016-08-01,176460.0,3094507573.0
18.0,2016-09-01,177604.0,3102396516.0
18.0,2016-10-01,177910.0,3302047078.0
18.0,2016-11-01,178307.0,3334778244.0
18.0,2016-12-01,178258.0,4810862953.0
18.0,2017-01-01,176392.0,3425514441.0
18.0,2017-02-01,176705.0,3396960940.0
18.0,2017-03-01,178139.0,3572439755.0
18.0,2017-04-01,178080.0,3649357666.0
18.0,2017-05-01,179015.0,3773516924.0
18.0,2017-06-01,179093.0,5460922097.0
18.0,2017-07-01,178937.0,4063851715.0
18.0,2017-08-01,180566.0,4115488502.0
18.0,2017-09-01,180929.0,4225083174.0
18.0,2017-10-01,181713.0,4364437088.0
18.0,2017-11-01,181843.0,4349321961.0
18.0,2017-12-01,181436.0,6203414380.0
18.0,2018-01-01,180312.0,4451489078.0
18.0,2018-02-01,180384.0,4372987883.0
18.0,2018-03-01,181783.0,4545765948.0
18.0,2018-04-01,182578.0,4671879862.0
18.0,2018-05-01,182719.0,4756716065.0
18.0,2018-06-01,181731.0,6861495137.0
18.0,2018-07-01,181664.0,5125161002.0
18.0,2018-08-01,181874.0,5308193500.0
18.0,2018-09-01,181758.0,5583938354.0
18.0,2018-10-01,183016.0,5745912446.0
18.0,2018-11-01,182265.0,5684553151.0
18.0,2018-12-01,179807.0,7983931562.0
18.0,2019-01-01,178482.0,5768317402.0
18.0,2019-02-01,178946.0,5736445094.0
18.0,2019-03-01,179752.0,6290735253.0
18.0,2019-04-01,180616.0,6476977884.0
18.0,2019-05-01,180314.0,6564007717.0
18.0,2019-06-01,180867.0,9630783138.0
18.0,2019-07-01,178929.0,7092972982.0
18.0,2019-08-01,181651.0,7533732812.0
18.0,2019-09-01,179701.0,7504981150.0
18.0,2019-10-01,182515.0,8249603976.0
18.0,2019-11-01,181086.0,8443973835.0
18.0,2019-12-01,179483.0,11377149384.0
18.0,2020-01-01,177760.0,8416193338.0
18.0,2020-02-01,177957.0,8569156425.0
18.0,2020-03-01,178824.0,8797934033.0
18.0,2020-04-01,177702.0,9002823615.0
18.0,2020-05-01,176954.0,9014303003.0
18.0,2020-06-01,176667.0,12771439393.0
18.0,2020-07-01,176220.0,9416318019.0
18.0,2020-08-01,177161.0,9908515382.0
18.0,2020-09-01,177644.0,10003411368.0
18.0,2020-10-01,178137.0,10817829459.0
18.0,2020-11-01,178003.0,10872179972.0
18.0,2020-12-01,177146.0,15796415337.0
18.0,2021-01-01,177031.0,11643923323.0
18.0,2021-02-01,177966.0,11914067594.0
18.0,2021-03-01,179601.0,12348698982.0
18.0,2021-04-01,180728.0,12931013652.0
18.0,2021-05-01,180893.0,13414728656.0
18.0,2021-06-01,180804.0,19320035756.0
18.0,2021-07-01,180936.0,14882029168.0
18.0,2021-08-01,182456.0,15488377526.0
18.0,2021-09-01,184318.0,15742025223.0
18.0,2021-10-01,184556.0,16254545042.0
18.0,2021-11-01,184734.0,16545855037.0
18.0,2021-12-01,183042.0,24309656217.0
18.0,2022-01-01,182230.0,17714082434.0
18.0,2022-02-01,182738.0,17843333635.0
18.0,2022-03-01,184869.0,19583377675.0
18.0,2022-04-01,185924.0,20865533570.0
18.0,2022-05-01,187895.0,22024519359.0
18.0,2022-06-01,188107.0,32065188548.0
18.0,2022-07-01,188450.0,25924969402.0
18.0,2022-08-01,189050.0,28537939263.0
18.0,2022-09-01,190833.0,29188943587.0
18.0,2022-10-01,191291.0,30017231149.0
18.0,2022-11-01,192043.0,33090922066.0
22.0,2014-01-01,166111.0,1399261358.0
22.0,2014-02-01,167434.0,1387230541.0
22.0,2014-03-01,167329.0,1455783765.0
22.0,2014-04-01,168525.0,1565123588.0
22.0,2014-05-01,170250.0,1584613464.0
22.0,2014-06-01,171053.0,2290450415.0
22.0,2014-07-01,170980.0,1726861449.0
22.0,2014-08-01,171440.0,1753912226.0
22.0,2014-09-01,172420.0,1788790470.0
22.0,2014-10-01,172309.0,1818835477.0
22.0,2014-11-01,172843.0,1868049116.0
22.0,2014-12-01,172315.0,2633138993.0
22.0,2015-01-01,170557.0,1872059896.0
22.0,2015-02-01,172057.0,1852197368.0
22.0,2015-03-01,174030.0,2006818154.0
22.0,2015-04-01,174966.0,2017826822.0
22.0,2015-05-01,177750.0,2110202421.0
22.0,2015-06-01,178063.0,3128375636.0
22.0,2015-07-01,177606.0,2338920408.0
22.0,2015-08-01,179029.0,2381591342.0
22.0,2015-09-01,178439.0,2496279790.0
22.0,2015-10-01,179444.0,2497229376.0
22.0,2015-11-01,178689.0,2551456205.0
22.0,2015-12-01,178881.0,3665185460.0
22.0,2016-01-01,175050.0,2602085333.0
22.0,2016-02-01,177075.0,2588687246.0
22.0,2016-03-01,178671.0,2898730611.0
22.0,2016-04-01,179042.0,2975733588.0
22.0,2016-05-01,179795.0,3065548133.0
22.0,2016-06-01,179767.0,4424406734.0
22.0,2016-07-01,179356.0,3214993273.0
22.0,2016-08-01,180406.0,3383564702.0
22.0,2016-09-01,181753.0,3424444242.0
22.0,2016-10-01,181747.0,3529354882.0
22.0,2016-11-01,183104.0,3688983162.0
22.0,2016-12-01,182421.0,5273869868.0
22.0,2017-01-01,181191.0,3811668072.0
22.0,2017-02-01,182571.0,3719538079.0
22.0,2017-03-01,181137.0,3757886386.0
22.0,2017-04-01,181812.0,3898340111.0
22.0,2017-05-01,177376.0,3902959044.0
22.0,2017-06-01,183554.0,5828394165.0
22.0,2017-07-01,184589.0,4261192376.0
22.0,2017-08-01,185071.0,4922536046.0
22.0,2017-09-01,185208.0,4381226852.0
22.0,2017-10-01,187430.0,4479053935.0
22.0,2017-11-01,185818.0,4502800363.0
22.0,2017-12-01,186450.0,6459508297.0
22.0,2018-01-01,184080.0,4605871046.0
22.0,2018-02-01,187727.0,4539643165.0
22.0,2018-03-01,178011.0,4412552439.0
22.0,2018-04-01,178097.0,4558164886.0
22.0,2018-05-01,189374.0,4973494580.0
22.0,2018-06-01,188667.0,7065153607.0
22.0,2018-07-01,186487.0,5009156021.0
22.0,2018-08-01,185737.0,5127609912.0
22.0,2018-09-01,188769.0,5357163676.0
22.0,2018-10-01,186725.0,5516013611.0
22.0,2018-11-01,187051.0,5685846037.0
22.0,2018-12-01,187327.0,8055923640.0
22.0,2019-01-01,184414.0,6443978594.0
22.0,2019-02-01,185915.0,5782418622.0
22.0,2019-03-01,177014.0,5827161545.0
22.0,2019-04-01,187060.0,6318401205.0
22.0,2019-05-01,187624.0,6534896472.0
22.0,2019-06-01,186405.0,9216572926.0
22.0,2019-07-01,185557.0,6888547894.0
22.0,2019-08-01,186844.0,7241110182.0
22.0,2019-09-01,142993.0,5992635652.0
22.0,2019-10-01,189596.0,7888691656.0
22.0,2019-11-01,186016.0,8060225100.0
22.0,2019-12-01,188713.0,11395645005.0
22.0,2020-01-01,183593.0,8305032938.0
22.0,2020-02-01,186881.0,8394417381.0
22.0,2020-03-01,186042.0,8633715572.0
22.0,2020-04-01,180861.0,8590587150.0
22.0,2020-05-01,179896.0,8617418351.0
22.0,2020-06-01,181808.0,12539471973.0
22.0,2020-07-01,170751.0,8389626814.0
22.0,2020-08-01,182119.0,9098304135.0
22.0,2020-09-01,180107.0,9372592814.0
22.0,2020-10-01,182213.0,9786856215.0
22.0,2020-11-01,178132.0,9826956453.0
22.0,2020-12-01,177604.0,13973297535.0
22.0,2021-01-01,181615.0,10520085988.0
22.0,2021-02-01,182607.0,10710758679.0
22.0,2021-03-01,179570.0,11272074878.0
22.0,2021-04-01,181168.0,11787640036.0
22.0,2021-05-01,182415.0,12033676572.0
22.0,2021-06-01,183542.0,17762895319.0
22.0,2021-07-01,186293.0,13810221196.0
22.0,2021-08-01,188921.0,14534000141.0
22.0,2021-09-01,190669.0,15130117028.0
22.0,2021-10-01,190571.0,16140836553.0
22.0,2021-11-01,192060.0,16892918510.0
22.0,2021-12-01,192122.0,24281759391.0
22.0,2022-01-01,188239.0,17726902930.0
22.0,2022-02-01,193902.0,18117995984.0
22.0,2022-03-01,194493.0,20111875528.0
22.0,2022-04-01,195262.0,20665507311.0
22.0,2022-05-01,196494.0,22963446527.0
22.0,2022-06-01,198014.0,32430168444.0
22.0,2022-07-01,198822.0,25520314743.0
22.0,2022-08-01,198460.0,27293318961.0
22.0,2022-09-01,197953.0,28990311825.0
22.0,2022-10-01,202190.0,31987822897.0
22.0,2022-11-01,203044.0,33851931385.0
26.0,2014-01-01,156232.0,2331335768.0
26.0,2014-02-01,155969.0,2218152764.0
26.0,2014-03-01,155075.0,2354944727.0
26.0,2014-04-01,154172.0,2385243125.0
26.0,2014-05-01,154429.0,2583627748.0
26.0,2014-06-01,155253.0,3462916532.0
26.0,2014-07-01,156003.0,2703217404.0
26.0,2014-08-01,156407.0,2784812301.0
26.0,2014-09-01,158360.0,2899418167.0
26.0,2014-10-01,159286.0,2969675536.0
26.0,2014-11-01,160964.0,2994925391.0
26.0,2014-12-01,161940.0,4206230499.0
26.0,2015-01-01,160949.0,3306589471.0
26.0,2015-02-01,160387.0,3300422279.0
26.0,2015-03-01,160715.0,3302471703.0
26.0,2015-04-01,159505.0,3310782662.0
26.0,2015-05-01,158791.0,3383655399.0
26.0,2015-06-01,159785.0,4744474955.0
26.0,2015-07-01,160595.0,3585628310.0
26.0,2015-08-01,161679.0,3707130257.0
26.0,2015-09-01,162317.0,3787092926.0
26.0,2015-10-01,163225.0,3808890054.0
26.0,2015-11-01,163973.0,3944530024.0
26.0,2015-12-01,163745.0,5357587162.0
26.0,2016-01-01,162229.0,4015898233.0
26.0,2016-02-01,161334.0,4172224916.0
26.0,2016-03-01,160128.0,4124192161.0
26.0,2016-04-01,158458.0,4238859322.0
26.0,2016-05-01,156423.0,4232449118.0
26.0,2016-06-01,157477.0,5812823858.0
26.0,2016-07-01,158178.0,4787218773.0
26.0,2016-08-01,158304.0,4837021934.0
26.0,2016-09-01,158790.0,4762207156.0
26.0,2016-10-01,159142.0,5002568606.0
26.0,2016-11-01,159911.0,5004463984.0
26.0,2016-12-01,161491.0,7058299081.0
26.0,2017-01-01,160344.0,5416465548.0
26.0,2017-02-01,160238.0,5371448370.0
26.0,2017-03-01,156900.0,5188335946.0
26.0,2017-04-01,156884.0,5193248046.0
26.0,2017-05-01,156537.0,5547906632.0
26.0,2017-06-01,157347.0,7660991107.0
26.0,2017-07-01,157578.0,5914122687.0
26.0,2017-08-01,159006.0,5965308443.0
26.0,2017-09-01,159238.0,6037181490.0
26.0,2017-10-01,159913.0,6119817229.0
26.0,2017-11-01,159771.0,6269997028.0
26.0,2017-12-01,161027.0,8607023566.0
26.0,2018-01-01,160054.0,6560612895.0
26.0,2018-02-01,158535.0,6447892027.0
26.0,2018-03-01,158313.0,6389553642.0
26.0,2018-04-01,155077.0,6488393407.0
26.0,2018-05-01,154557.0,6697573725.0
26.0,2018-06-01,154816.0,9020897418.0
26.0,2018-07-01,155558.0,7108964483.0
26.0,2018-08-01,156240.0,7293172794.0
26.0,2018-09-01,156825.0,7493843444.0
26.0,2018-10-01,156660.0,7889498151.0
26.0,2018-11-01,155269.0,8256356512.0
26.0,2018-12-01,157349.0,11438557030.0
26.0,2019-01-01,159096.0,9106363910.0
26.0,2019-02-01,159067.0,9534493063.0
26.0,2019-03-01,157763.0,9649507467.0
26.0,2019-04-01,156190.0,10185403645.0
26.0,2019-05-01,154928.0,10646873230.0
26.0,2019-06-01,156587.0,14379369686.0
26.0,2019-07-01,157665.0,11327474170.0
26.0,2019-08-01,158871.0,11567274995.0
26.0,2019-09-01,158432.0,11598491639.0
26.0,2019-10-01,157818.0,12135297777.0
26.0,2019-11-01,158412.0,12905812381.0
26.0,2019-12-01,160170.0,18159405827.0
26.0,2020-01-01,159191.0,14419570543.0
26.0,2020-02-01,158959.0,14704067489.0
26.0,2020-03-01,157301.0,14224745194.0
26.0,2020-04-01,152775.0,12926060832.0
26.0,2020-05-01,151775.0,13522423693.0
26.0,2020-06-01,151965.0,17822230072.0
26.0,2020-07-01,133482.0,12532823224.0
26.0,2020-08-01,153229.0,15495516087.0
26.0,2020-09-01,153491.0,15216299932.0
26.0,2020-10-01,152300.0,15376532334.0
26.0,2020-11-01,155086.0,16144837722.0
26.0,2020-12-01,156062.0,22351448234.0
26.0,2021-01-01,156142.0,17914526174.0
26.0,2021-02-01,156464.0,17615080407.0
26.0,2021-03-01,155367.0,17465138801.0
26.0,2021-04-01,152456.0,18264813307.0
26.0,2021-05-01,152119.0,18343284636.0
26.0,2021-06-01,154925.0,26216631072.0
26.0,2021-07-01,155513.0,20645434068.0
26.0,2021-08-01,156205.0,21205675678.0
26.0,2021-09-01,156360.0,21974767999.0
26.0,2021-10-01,153057.0,22008967237.0
26.0,2021-11-01,158170.0,23322635925.0
26.0,2021-12-01,156283.0,34026859874.0
26.0,2022-01-01,159847.0,26346502016.0
26.0,2022-02-01,159439.0,27358747716.0
26.0,2022-03-01,158961.0,29330912778.0
26.0,2022-04-01,156641.0,31901746201.0
26.0,2022-05-01,156311.0,32768179160.0
26.0,2022-06-01,159019.0,47005963237.0
26.0,2022-07-01,160066.0,37796295406.0
26.0,2022-08-01,160744.0,40259859684.0
26.0,2022-09-01,160496.0,42642140481.0
26.0,2022-10-01,158565.0,43267858774.0
26.0,2022-11-01,161529.0,47870502377.0
30.0,2014-01-01,273407.0,2248772991.0
30.0,2014-02-01,272614.0,2173594009.0
30.0,2014-03-01,272591.0,2339591858.0
30.0,2014-04-01,273328.0,2471806437.0
30.0,2014-05-01,274001.0,2486864645.0
30.0,2014-06-01,274892.0,3455783350.0
30.0,2014-07-01,275493.0,2811941808.0
30.0,2014-08-01,276687.0,2703056060.0
30.0,2014-09-01,279758.0,2781180115.0
30.0,2014-10-01,284441.0,2847068807.0
30.0,2014-11-01,283345.0,2888841455.0
30.0,2014-12-01,279553.0,4211708252.0
30.0,2015-01-01,277261.0,3063894005.0
30.0,2015-02-01,277535.0,2938729426.0
30.0,2015-03-01,277361.0,3129194918.0
30.0,2015-04-01,277204.0,3251433614.0
30.0,2015-05-01,278500.0,3348718930.0
30.0,2015-06-01,279968.0,4758879821.0
30.0,2015-07-01,281114.0,3902619829.0
30.0,2015-08-01,284386.0,3689453396.0
30.0,2015-09-01,285223.0,3785186979.0
30.0,2015-10-01,288809.0,3801119056.0
30.0,2015-11-01,287859.0,3920448426.0
30.0,2015-12-01,282946.0,5630758351.0
30.0,2016-01-01,277873.0,4060994240.0
30.0,2016-02-01,277480.0,3972208414.0
30.0,2016-03-01,277561.0,4319693777.0
30.0,2016-04-01,277199.0,4448045958.0
30.0,2016-05-01,277586.0,4525491040.0
30.0,2016-06-01,278811.0,6538475219.0
30.0,2016-07-01,278181.0,4919074146.0
30.0,2016-08-01,281254.0,5030931902.0
30.0,2016-09-01,283586.0,5098060978.0
30.0,2016-10-01,289001.0,5207882606.0
30.0,2016-11-01,286509.0,5347857727.0
30.0,2016-12-01,282409.0,7804050185.0
30.0,2017-01-01,280317.0,5693391734.0
30.0,2017-02-01,280437.0,5442936321.0
30.0,2017-03-01,277345.0,5609539452.0
30.0,2017-04-01,279381.0,5714703144.0
30.0,2017-05-01,280465.0,5943345980.0
30.0,2017-06-01,279558.0,8132294792.0
30.0,2017-07-01,281046.0,6511662228.0
30.0,2017-08-01,283924.0,6430995229.0
30.0,2017-09-01,287242.0,6511073951.0
30.0,2017-10-01,291059.0,6723941298.0
30.0,2017-11-01,287720.0,6765683565.0
30.0,2017-12-01,284042.0,9713354683.0
30.0,2018-01-01,283304.0,7162604872.0
30.0,2018-02-01,283966.0,6845187265.0
30.0,2018-03-01,280535.0,6963637392.0
30.0,2018-04-01,281674.0,7447643805.0
30.0,2018-05-01,281133.0,7451823411.0
30.0,2018-06-01,281826.0,10684262968.0
30.0,2018-07-01,280914.0,7908636098.0
30.0,2018-08-01,281815.0,7985315234.0
30.0,2018-09-01,282147.0,8205870262.0
30.0,2018-10-01,288880.0,8513703217.0
30.0,2018-11-01,286990.0,8772388050.0
30.0,2018-12-01,281316.0,12959004663.0
30.0,2019-01-01,280542.0,9603314541.0
30.0,2019-02-01,280863.0,9247835270.0
30.0,2019-03-01,278163.0,9878728133.0
30.0,2019-04-01,279365.0,9990762009.0
30.0,2019-05-01,279296.0,10746900724.0
30.0,2019-06-01,280731.0,15441537792.0
30.0,2019-07-01,279132.0,11571111383.0
30.0,2019-08-01,281470.0,11825244083.0
30.0,2019-09-01,281912.0,11910052041.0
30.0,2019-10-01,286918.0,12477004529.0
30.0,2019-11-01,284880.0,12919354684.0
30.0,2019-12-01,280019.0,18703250418.0
30.0,2020-01-01,276650.0,13892996407.0
30.0,2020-02-01,277412.0,14236052598.0
30.0,2020-03-01,275325.0,14449601632.0
30.0,2020-04-01,272277.0,14088829840.0
30.0,2020-05-01,271033.0,14127251702.0
30.0,2020-06-01,273357.0,20601489066.0
30.0,2020-07-01,270648.0,14745012214.0
30.0,2020-08-01,272322.0,14890696410.0
30.0,2020-09-01,274639.0,14995531234.0
30.0,2020-10-01,277353.0,16019311093.0
30.0,2020-11-01,276154.0,16417134146.0
30.0,2020-12-01,274644.0,24033955145.0
30.0,2021-01-01,274192.0,17745746294.0
30.0,2021-02-01,274789.0,18571986461.0
30.0,2021-03-01,276155.0,19288325963.0
30.0,2021-04-01,276941.0,19810210901.0
30.0,2021-05-01,278185.0,20836276943.0
30.0,2021-06-01,279537.0,30394483804.0
30.0,2021-07-01,280003.0,22716721328.0
30.0,2021-08-01,281978.0,23155570510.0
30.0,2021-09-01,287383.0,24664089741.0
30.0,2021-10-01,286793.0,25929533656.0
30.0,2021-11-01,287631.0,26820977896.0
30.0,2021-12-01,285826.0,39716546800.0
30.0,2022-01-01,284661.0,29677644738.0
30.0,2022-02-01,286140.0,30124353496.0
30.0,2022-03-01,284248.0,32977799299.0
30.0,2022-04-01,284310.0,34262467207.0
30.0,2022-05-01,285399.0,36802974732.0
30.0,2022-06-01,287015.0,53607372853.0
30.0,2022-07-01,287139.0,39912656199.0
30.0,2022-08-01,289181.0,44261625279.0
30.0,2022-09-01,289967.0,47613223097.0
30.0,2022-10-01,290434.0,49462816413.0
30.0,2022-11-01,292343.0,54671754733.0
34.0,2014-01-01,86681.0,697538173.0
34.0,2014-02-01,86852.0,672329034.0
34.0,2014-03-01,87649.0,692919000.0
34.0,2014-04-01,87448.0,835465211.0
34.0,2014-05-01,87622.0,806184315.0
34.0,2014-06-01,88719.0,1146663448.0
34.0,2014-07-01,88194.0,866711227.0
34.0,2014-08-01,88498.0,873904050.0
34.0,2014-09-01,90638.0,897536448.0
34.0,2014-10-01,89686.0,910350658.0
34.0,2014-11-01,89202.0,899052788.0
34.0,2014-12-01,91983.0,1350777588.0
34.0,2015-01-01,89859.0,956061487.0
34.0,2015-02-01,90147.0,937135068.0
34.0,2015-03-01,91410.0,1039981135.0
34.0,2015-04-01,91037.0,1053118642.0
34.0,2015-05-01,92172.0,1090307910.0
34.0,2015-06-01,92348.0,1584990331.0
34.0,2015-07-01,92945.0,1211668560.0
34.0,2015-08-01,93859.0,1236699542.0
34.0,2015-09-01,94304.0,1277565110.0
34.0,2015-10-01,94401.0,1293174356.0
34.0,2015-11-01,94638.0,1303650815.0
34.0,2015-12-01,93062.0,1816833516.0
34.0,2016-01-01,91522.0,1315757879.0
34.0,2016-02-01,91727.0,1308455864.0
34.0,2016-03-01,90628.0,1434215124.0
34.0,2016-04-01,90644.0,1454558885.0
34.0,2016-05-01,92663.0,1519607427.0
34.0,2016-06-01,93300.0,2169810265.0
34.0,2016-07-01,92696.0,1633710351.0
34.0,2016-08-01,92670.0,1716262842.0
34.0,2016-09-01,92409.0,1657351027.0
34.0,2016-10-01,92177.0,1721960975.0
34.0,2016-11-01,92766.0,1759237004.0
34.0,2016-12-01,92846.0,2468961228.0
34.0,2017-01-01,93085.0,1874160688.0
34.0,2017-02-01,91883.0,1749070059.0
34.0,2017-03-01,92599.0,1774425176.0
34.0,2017-04-01,93034.0,2076333826.0
34.0,2017-05-01,93199.0,2004142554.0
34.0,2017-06-01,92645.0,2777571582.0
34.0,2017-07-01,93352.0,2128734468.0
34.0,2017-08-01,93675.0,2138189401.0
34.0,2017-09-01,93686.0,2186701930.0
34.0,2017-10-01,93085.0,2276071159.0
34.0,2017-11-01,92978.0,2226681344.0
34.0,2017-12-01,93488.0,3139284567.0
34.0,2018-01-01,91840.0,2311151210.0
34.0,2018-02-01,92056.0,2226346014.0
34.0,2018-03-01,92800.0,2357417233.0
34.0,2018-04-01,87968.0,2314167296.0
34.0,2018-05-01,93470.0,2494835390.0
34.0,2018-06-01,95512.0,3526447481.0
34.0,2018-07-01,93034.0,2579590998.0
34.0,2018-08-01,92751.0,2712436809.0
34.0,2018-09-01,91807.0,2659355335.0
34.0,2018-10-01,91651.0,2755553930.0
34.0,2018-11-01,91891.0,2821119743.0
34.0,2018-12-01,75501.0,3363293620.0
34.0,2019-01-01,90836.0,2910537273.0
34.0,2019-02-01,91484.0,2889238097.0
34.0,2019-03-01,91351.0,3165848527.0
34.0,2019-04-01,91923.0,3311494023.0
34.0,2019-05-01,92625.0,3409403297.0
34.0,2019-06-01,91742.0,5009780012.0
34.0,2019-07-01,92386.0,3867466706.0
34.0,2019-08-01,92878.0,3850188783.0
34.0,2019-09-01,92281.0,3991883652.0
34.0,2019-10-01,93191.0,4128527116.0
34.0,2019-11-01,91797.0,4104900795.0
34.0,2019-12-01,91219.0,5664642752.0
34.0,2020-01-01,90804.0,4216264199.0
34.0,2020-02-01,91309.0,4232545255.0
34.0,2020-03-01,92463.0,4480417051.0
34.0,2020-04-01,91396.0,4536906478.0
34.0,2020-05-01,90581.0,4539397259.0
34.0,2020-06-01,90613.0,6365072218.0
34.0,2020-07-01,90435.0,4677281779.0
34.0,2020-08-01,90810.0,4947991475.0
34.0,2020-09-01,91022.0,4906178533.0
34.0,2020-10-01,90857.0,5101817640.0
34.0,2020-11-01,90292.0,5212566986.0
34.0,2020-12-01,91075.0,7940622389.0
34.0,2021-01-01,89728.0,5076784009.0
34.0,2021-02-01,91908.0,5687732779.0
34.0,2021-03-01,92139.0,6168349882.0
34.0,2021-04-01,92192.0,6798455640.0
34.0,2021-05-01,92140.0,6525249936.0
34.0,2021-06-01,93424.0,9467162261.0
34.0,2021-07-01,94139.0,7591302208.0
34.0,2021-08-01,94495.0,7741260232.0
34.0,2021-09-01,95611.0,8181522652.0
34.0,2021-10-01,94903.0,8516639765.0
34.0,2021-11-01,96823.0,9284536623.0
34.0,2021-12-01,96923.0,12618501791.0
34.0,2022-01-01,94593.0,8606385033.0
34.0,2022-02-01,96572.0,9402005251.0
34.0,2022-03-01,97883.0,10679569552.0
34.0,2022-04-01,98238.0,11277790468.0
34.0,2022-05-01,99727.0,11872607968.0
34.0,2022-06-01,99902.0,17723336602.0
34.0,2022-07-01,100890.0,14095121730.0
34.0,2022-08-01,100831.0,14739992808.0
34.0,2022-09-01,100825.0,15659692149.0
34.0,2022-10-01,101090.0,16834832791.0
34.0,2022-11-01,102453.0,18436123889.0
38.0,2014-01-01,147667.0,1058975328.0
38.0,2014-02-01,148722.0,1036744427.0
38.0,2014-03-01,147015.0,1125907202.0
38.0,2014-04-01,137490.0,1120050267.0
38.0,2014-05-01,139808.0,1138578790.0
38.0,2014-06-01,142736.0,1744316843.0
38.0,2014-07-01,143003.0,1250158900.0
38.0,2014-08-01,144825.0,1322393827.0
38.0,2014-09-01,147673.0,1319582726.0
38.0,2014-10-01,149681.0,1362560482.0
38.0,2014-11-01,151509.0,1405777808.0
38.0,2014-12-01,154766.0,2106438566.0
38.0,2015-01-01,154750.0,1426210828.0
38.0,2015-02-01,155978.0,1429842775.0
38.0,2015-03-01,154229.0,1539297195.0
38.0,2015-04-01,147178.0,1529293051.0
38.0,2015-05-01,148731.0,1575997249.0
38.0,2015-06-01,149847.0,2388990339.0
38.0,2015-07-01,150104.0,1753057138.0
38.0,2015-08-01,152115.0,1802151769.0
38.0,2015-09-01,153594.0,1823401513.0
38.0,2015-10-01,155562.0,1872731594.0
38.0,2015-11-01,157021.0,1925150438.0
38.0,2015-12-01,158717.0,2789946062.0
38.0,2016-01-01,158856.0,1924993143.0
38.0,2016-02-01,160523.0,1938894102.0
38.0,2016-03-01,158077.0,2099336942.0
38.0,2016-04-01,148351.0,2101793678.0
38.0,2016-05-01,148854.0,2161319172.0
38.0,2016-06-01,151915.0,3169713195.0
38.0,2016-07-01,151294.0,2358288580.0
38.0,2016-08-01,153385.0,2474350152.0
38.0,2016-09-01,154489.0,2430755221.0
38.0,2016-10-01,157155.0,2541317950.0
38.0,2016-11-01,158783.0,2624788819.0
38.0,2016-12-01,163440.0,3900883644.0
38.0,2017-01-01,163228.0,2769871762.0
38.0,2017-02-01,163991.0,2702868675.0
38.0,2017-03-01,163218.0,2790133981.0
38.0,2017-04-01,152422.0,2720731852.0
38.0,2017-05-01,152114.0,2763587889.0
38.0,2017-06-01,155470.0,4102385634.0
38.0,2017-07-01,153726.0,2971842934.0
38.0,2017-08-01,157438.0,3054436404.0
38.0,2017-09-01,159067.0,3097742232.0
38.0,2017-10-01,160935.0,3318438062.0
38.0,2017-11-01,163091.0,3353047792.0
38.0,2017-12-01,167197.0,4825376535.0
38.0,2018-01-01,165983.0,3458516105.0
38.0,2018-02-01,166127.0,3391579728.0
38.0,2018-03-01,163775.0,3436961858.0
38.0,2018-04-01,155408.0,3360582367.0
38.0,2018-05-01,155476.0,3411401632.0
38.0,2018-06-01,157862.0,5053507804.0
38.0,2018-07-01,156485.0,3615359508.0
38.0,2018-08-01,158519.0,3792890536.0
38.0,2018-09-01,159590.0,3852708457.0
38.0,2018-10-01,160975.0,3987091473.0
38.0,2018-11-01,163743.0,4114841653.0
38.0,2018-12-01,166641.0,6174130155.0
38.0,2019-01-01,165460.0,4530247092.0
38.0,2019-02-01,166819.0,4431199765.0
38.0,2019-03-01,162683.0,4581162553.0
38.0,2019-04-01,155804.0,4561571166.0
38.0,2019-05-01,155624.0,4874386220.0
38.0,2019-06-01,157653.0,7238165731.0
38.0,2019-07-01,156304.0,5135816854.0
38.0,2019-08-01,158334.0,5417822721.0
38.0,2019-09-01,158521.0,5574051833.0
38.0,2019-10-01,160338.0,6012664774.0
38.0,2019-11-01,161367.0,6198479098.0
38.0,2019-12-01,163831.0,8863600017.0
38.0,2020-01-01,162282.0,6552494036.0
38.0,2020-02-01,163501.0,6548567104.0
38.0,2020-03-01,158181.0,6294135164.0
38.0,2020-04-01,152493.0,6023096212.0
38.0,2020-05-01,151998.0,6102442377.0
38.0,2020-06-01,153521.0,8991636662.0
38.0,2020-07-01,152755.0,6463169714.0
38.0,2020-08-01,154302.0,6505206574.0
38.0,2020-09-01,157085.0,6914302234.0
38.0,2020-10-01,157258.0,7228319322.0
38.0,2020-11-01,159142.0,7657049413.0
38.0,2020-12-01,162094.0,11568863078.0
38.0,2021-01-01,161373.0,8458481187.0
38.0,2021-02-01,161400.0,9723859164.0
38.0,2021-03-01,159442.0,8705110906.0
38.0,2021-04-01,157490.0,8974726516.0
38.0,2021-05-01,158083.0,9169719313.0
38.0,2021-06-01,161353.0,13902744448.0
38.0,2021-07-01,160004.0,10129924840.0
38.0,2021-08-01,161576.0,10425751339.0
38.0,2021-09-01,163680.0,11207066375.0
38.0,2021-10-01,163888.0,11716610255.0
38.0,2021-11-01,165954.0,12169668003.0
38.0,2021-12-01,168116.0,18066058719.0
38.0,2022-01-01,166784.0,13261993915.0
38.0,2022-02-01,168802.0,13308690764.0
38.0,2022-03-01,167681.0,14334570580.0
38.0,2022-04-01,162101.0,14216219690.0
38.0,2022-05-01,162347.0,15293110018.0
38.0,2022-06-01,164404.0,22832261382.0
38.0,2022-07-01,163134.0,17439370590.0
38.0,2022-08-01,165481.0,18995752954.0
38.0,2022-09-01,166920.0,20273143467.0
38.0,2022-10-01,167312.0,21624536435.0
38.0,2022-11-01,168565.0,23606955472.0
42.0,2014-01-01,71759.0,757805054.0
42.0,2014-02-01,71335.0,710208536.0
42.0,2014-03-01,71059.0,765062436.0
42.0,2014-04-01,71079.0,776321958.0
42.0,2014-05-01,71372.0,812991721.0
42.0,2014-06-01,71998.0,1154007200.0
42.0,2014-07-01,72085.0,856233762.0
42.0,2014-08-01,71954.0,862485997.0
42.0,2014-09-01,72471.0,894144675.0
42.0,2014-10-01,72573.0,894426792.0
42.0,2014-11-01,72831.0,961801862.0
42.0,2014-12-01,73251.0,1332270133.0
42.0,2015-01-01,72750.0,1014225556.0
42.0,2015-02-01,72427.0,968132863.0
42.0,2015-03-01,72363.0,1022949697.0
42.0,2015-04-01,72803.0,1008231213.0
42.0,2015-05-01,73346.0,1081975672.0
42.0,2015-06-01,73773.0,1599181942.0
42.0,2015-07-01,73933.0,1128197282.0
42.0,2015-08-01,73846.0,1164846142.0
42.0,2015-09-01,74352.0,1194661566.0
42.0,2015-10-01,74500.0,1204685707.0
42.0,2015-11-01,74625.0,1223588796.0
42.0,2015-12-01,74805.0,1762119211.0
42.0,2016-01-01,74218.0,1384156583.0
42.0,2016-02-01,74096.0,1295582093.0
42.0,2016-03-01,73943.0,1406321112.0
42.0,2016-04-01,74084.0,1418859443.0
42.0,2016-05-01,74227.0,1516438706.0
42.0,2016-06-01,74501.0,2061356810.0
42.0,2016-07-01,74393.0,1554602543.0
42.0,2016-08-01,74862.0,1560096006.0
42.0,2016-09-01,75281.0,1646192733.0
42.0,2016-10-01,75792.0,1685685150.0
42.0,2016-11-01,76290.0,1693922669.0
42.0,2016-12-01,76277.0,2450550605.0
42.0,2017-01-01,75391.0,1868220289.0
42.0,2017-02-01,75212.0,1796368135.0
42.0,2017-03-01,74922.0,1785873654.0
42.0,2017-04-01,74696.0,1825350811.0
42.0,2017-05-01,75005.0,1893577767.0
42.0,2017-06-01,75137.0,2695262256.0
42.0,2017-07-01,75218.0,1950505430.0
42.0,2017-08-01,75561.0,2012390391.0
42.0,2017-09-01,75836.0,2042385462.0
42.0,2017-10-01,76104.0,2095640685.0
42.0,2017-11-01,76116.0,2101114168.0
42.0,2017-12-01,76146.0,3071167313.0
42.0,2018-01-01,75593.0,2337916389.0
42.0,2018-02-01,75242.0,2271937975.0
42.0,2018-03-01,75115.0,2280161808.0
42.0,2018-04-01,75381.0,2325850496.0
42.0,2018-05-01,75789.0,2395563238.0
42.0,2018-06-01,75762.0,3377681691.0
42.0,2018-07-01,75558.0,2458213887.0
42.0,2018-08-01,75676.0,2457597751.0
42.0,2018-09-01,75484.0,2720157614.0
42.0,2018-10-01,75315.0,2669135152.0
42.0,2018-11-01,75315.0,2882448859.0
42.0,2018-12-01,75322.0,4145741588.0
42.0,2019-01-01,74726.0,3215884810.0
42.0,2019-02-01,74757.0,3223592802.0
42.0,2019-03-01,73734.0,3311726035.0
42.0,2019-04-01,74086.0,3320733811.0
42.0,2019-05-01,74388.0,3439181682.0
42.0,2019-06-01,74755.0,4968178363.0
42.0,2019-07-01,74701.0,3642773851.0
42.0,2019-08-01,74971.0,3771240236.0
42.0,2019-09-01,74406.0,3929693623.0
42.0,2019-10-01,74769.0,4167134956.0
42.0,2019-11-01,74695.0,4215308969.0
42.0,2019-12-01,75031.0,6081379661.0
42.0,2020-01-01,73703.0,4856144526.0
42.0,2020-02-01,73501.0,4782488708.0
42.0,2020-03-01,73604.0,4664630553.0
42.0,2020-04-01,72565.0,4520386875.0
42.0,2020-05-01,72673.0,4623922825.0
42.0,2020-06-01,72820.0,6661253130.0
42.0,2020-07-01,72719.0,4971517100.0
42.0,2020-08-01,72805.0,4940515654.0
42.0,2020-09-01,73319.0,5104162034.0
42.0,2020-10-01,73305.0,5375701307.0
42.0,2020-11-01,73699.0,5522813035.0
42.0,2020-12-01,73891.0,8095306655.0
42.0,2021-01-01,73525.0,6224619726.0
42.0,2021-02-01,73849.0,6375839451.0
42.0,2021-03-01,73573.0,6614336645.0
42.0,2021-04-01,74057.0,6812405517.0
42.0,2021-05-01,74372.0,6858788568.0
42.0,2021-06-01,74960.0,9983676124.0
42.0,2021-07-01,75015.0,7476679603.0
42.0,2021-08-01,75182.0,7651193411.0
42.0,2021-09-01,76909.0,8135864274.0
42.0,2021-10-01,75813.0,8324174640.0
42.0,2021-11-01,76598.0,8741763234.0
42.0,2021-12-01,76405.0,12734874528.0
42.0,2022-01-01,75304.0,9880559060.0
42.0,2022-02-01,75527.0,9788667721.0
42.0,2022-03-01,77207.0,10753498714.0
42.0,2022-04-01,75930.0,10749917524.0
42.0,2022-05-01,76929.0,11489541277.0
42.0,2022-06-01,76964.0,16706772056.0
42.0,2022-07-01,77277.0,12854933493.0
42.0,2022-08-01,77349.0,13954938309.0
42.0,2022-09-01,78887.0,14977284900.0
42.0,2022-10-01,77750.0,15585574188.0
42.0,2022-11-01,56013.0,11816129779.0
46.0,2014-01-01,79194.0,537349097.0
46.0,2014-02-01,80050.0,534267096.0
46.0,2014-03-01,80692.0,545556977.0
46.0,2014-04-01,80385.0,566396546.0
46.0,2014-05-01,79749.0,574774768.0
46.0,2014-06-01,80907.0,844197289.0
46.0,2014-07-01,80406.0,621548694.0
46.0,2014-08-01,80583.0,606009316.0
46.0,2014-09-01,80373.0,630968608.0
46.0,2014-10-01,81412.0,655059210.0
46.0,2014-11-01,81471.0,651023954.0
46.0,2014-12-01,81357.0,976635398.0
46.0,2015-01-01,80976.0,667449108.0
46.0,2015-02-01,83721.0,700505851.0
46.0,2015-03-01,84215.0,725281883.0
46.0,2015-04-01,83566.0,730749016.0
46.0,2015-05-01,83415.0,754694018.0
46.0,2015-06-01,83850.0,1173450994.0
46.0,2015-07-01,83385.0,836391961.0
46.0,2015-08-01,83213.0,854125889.0
46.0,2015-09-01,83033.0,885479804.0
46.0,2015-10-01,83697.0,896212044.0
46.0,2015-11-01,83864.0,919426462.0
46.0,2015-12-01,83650.0,1363641907.0
46.0,2016-01-01,82374.0,929852115.0
46.0,2016-02-01,84810.0,949771316.0
46.0,2016-03-01,85312.0,1002157500.0
46.0,2016-04-01,83878.0,1024114457.0
46.0,2016-05-01,83257.0,1055458788.0
46.0,2016-06-01,83809.0,1549108390.0
46.0,2016-07-01,82897.0,1148576746.0
46.0,2016-08-01,82696.0,1178997199.0
46.0,2016-09-01,82772.0,1171237282.0
46.0,2016-10-01,83196.0,1192813270.0
46.0,2016-11-01,83471.0,1226493664.0
46.0,2016-12-01,83679.0,1814215520.0
46.0,2017-01-01,83344.0,1271368060.0
46.0,2017-02-01,86282.0,1262252376.0
46.0,2017-03-01,87007.0,1411446370.0
46.0,2017-04-01,85551.0,1383206549.0
46.0,2017-05-01,85389.0,1413244089.0
46.0,2017-06-01,85525.0,2144360095.0
46.0,2017-07-01,84262.0,1626441360.0
46.0,2017-08-01,84316.0,1618371936.0
46.0,2017-09-01,83891.0,1617762721.0
46.0,2017-10-01,84544.0,1659215907.0
46.0,2017-11-01,84450.0,1678373746.0
46.0,2017-12-01,84711.0,2497307781.0
46.0,2018-01-01,83673.0,1712897981.0
46.0,2018-02-01,86055.0,1724094378.0
46.0,2018-03-01,86587.0,1806191313.0
46.0,2018-04-01,85275.0,1821162777.0
46.0,2018-05-01,84592.0,1841180975.0
46.0,2018-06-01,84447.0,2701927671.0
46.0,2018-07-01,83530.0,1944320487.0
46.0,2018-08-01,83457.0,1967584897.0
46.0,2018-09-01,83309.0,1976469438.0
46.0,2018-10-01,83999.0,2054527943.0
46.0,2018-11-01,83768.0,2290845687.0
46.0,2018-12-01,84012.0,3378071136.0
46.0,2019-01-01,83447.0,2365555127.0
46.0,2019-02-01,85805.0,2415435134.0
46.0,2019-03-01,85499.0,2614831470.0
46.0,2019-04-01,84706.0,2678111581.0
46.0,2019-05-01,84410.0,2734643632.0
46.0,2019-06-01,84547.0,4015527381.0
46.0,2019-07-01,83154.0,2836555385.0
46.0,2019-08-01,83072.0,2883624050.0
46.0,2019-09-01,82418.0,2934609110.0
46.0,2019-10-01,83290.0,3527334510.0
46.0,2019-11-01,82906.0,3199564037.0
46.0,2019-12-01,84499.0,4585911646.0
46.0,2020-01-01,83005.0,3261181773.0
46.0,2020-02-01,85598.0,3307205978.0
46.0,2020-03-01,85802.0,3341421569.0
46.0,2020-04-01,83770.0,3262981013.0
46.0,2020-05-01,83165.0,3271729697.0
46.0,2020-06-01,83286.0,4812215140.0
46.0,2020-07-01,82484.0,3495268380.0
46.0,2020-08-01,82410.0,3456705918.0
46.0,2020-09-01,82435.0,3497900643.0
46.0,2020-10-01,82686.0,3646608952.0
46.0,2020-11-01,82842.0,3737807283.0
46.0,2020-12-01,83344.0,5572740853.0
46.0,2021-01-01,83785.0,3965663787.0
46.0,2021-02-01,85914.0,4321769202.0
46.0,2021-03-01,86129.0,4452141685.0
46.0,2021-04-01,86019.0,4659001888.0
46.0,2021-05-01,85949.0,4749679982.0
46.0,2021-06-01,86455.0,7189085511.0
46.0,2021-07-01,85363.0,5034791367.0
46.0,2021-08-01,85591.0,5156590569.0
46.0,2021-09-01,86845.0,5752784721.0
46.0,2021-10-01,87229.0,5967901122.0
46.0,2021-11-01,88131.0,6209919468.0
46.0,2021-12-01,88098.0,9263068421.0
46.0,2022-01-01,87988.0,7145556000.0
46.0,2022-02-01,90559.0,7412111167.0
46.0,2022-03-01,91217.0,7908149525.0
46.0,2022-04-01,90817.0,8426889852.0
46.0,2022-05-01,90567.0,8816415068.0
46.0,2022-06-01,91303.0,13703867439.0
46.0,2022-07-01,90923.0,9888226168.0
46.0,2022-08-01,91018.0,10277035126.0
46.0,2022-09-01,91511.0,11208275210.0
46.0,2022-10-01,91947.0,11754197818.0
46.0,2022-11-01,92441.0,12365777286.0
50.0,2014-01-01,407694.0,3543166666.0
50.0,2014-02-01,417718.0,3519642369.0
50.0,2014-03-01,423322.0,3701876100.0
50.0,2014-04-01,430541.0,4070661639.0
50.0,2014-05-01,411720.0,4104192936.0
50.0,2014-06-01,408525.0,5786694867.0
50.0,2014-07-01,412825.0,4454026565.0
50.0,2014-08-01,412224.0,4338751896.0
50.0,2014-09-01,414267.0,4384300610.0
50.0,2014-10-01,418282.0,4477834723.0
50.0,2014-11-01,420951.0,4547877794.0
50.0,2014-12-01,423070.0,6531299181.0
50.0,2015-01-01,423352.0,4901426814.0
50.0,2015-02-01,431410.0,4907082428.0
50.0,2015-03-01,435207.0,5155095532.0
50.0,2015-04-01,439946.0,5387788158.0
50.0,2015-05-01,423972.0,5571741722.0
50.0,2015-06-01,428637.0,8216949864.0
50.0,2015-07-01,425654.0,5989824095.0
50.0,2015-08-01,428460.0,6174725518.0
50.0,2015-09-01,423200.0,5971380681.0
50.0,2015-10-01,422384.0,6004308969.0
50.0,2015-11-01,428141.0,6129091532.0
50.0,2015-12-01,427273.0,8818821501.0
50.0,2016-01-01,423301.0,6323784502.0
50.0,2016-02-01,428744.0,6434471561.0
50.0,2016-03-01,432353.0,6649338989.0
50.0,2016-04-01,430284.0,6878247772.0
50.0,2016-05-01,416330.0,7046640730.0
50.0,2016-06-01,417800.0,10032079306.0
50.0,2016-07-01,417981.0,7354939176.0
50.0,2016-08-01,420468.0,7692913834.0
50.0,2016-09-01,419313.0,7622190724.0
50.0,2016-10-01,420009.0,7824699451.0
50.0,2016-11-01,422723.0,7967096044.0
50.0,2016-12-01,425729.0,11527344752.0
50.0,2017-01-01,422475.0,8465895086.0
50.0,2017-02-01,429932.0,8556912720.0
50.0,2017-03-01,435189.0,9016395103.0
50.0,2017-04-01,428049.0,8817194084.0
50.0,2017-05-01,419518.0,8901377443.0
50.0,2017-06-01,422466.0,12740949878.0
50.0,2017-07-01,421212.0,9491464454.0
50.0,2017-08-01,423606.0,9710085132.0
50.0,2017-09-01,422664.0,9621049483.0
50.0,2017-10-01,424230.0,9823071809.0
50.0,2017-11-01,428359.0,9982322086.0
50.0,2017-12-01,432088.0,14432450419.0
50.0,2018-01-01,428610.0,10619467335.0
50.0,2018-02-01,437066.0,10604226797.0
50.0,2018-03-01,442251.0,11074829902.0
50.0,2018-04-01,442063.0,11294893978.0
50.0,2018-05-01,427492.0,11340504805.0
50.0,2018-06-01,426699.0,15809637064.0
50.0,2018-07-01,424991.0,11434240931.0
50.0,2018-08-01,427580.0,12007939176.0
50.0,2018-09-01,423208.0,11989275349.0
50.0,2018-10-01,425427.0,12668934460.0
50.0,2018-11-01,427843.0,13410559648.0
50.0,2018-12-01,429334.0,19289815217.0
50.0,2019-01-01,427360.0,14649481126.0
50.0,2019-02-01,435422.0,15010758748.0
50.0,2019-03-01,440510.0,15552810212.0
50.0,2019-04-01,440174.0,15928403978.0
50.0,2019-05-01,425465.0,16619851245.0
50.0,2019-06-01,427238.0,23135182167.0
50.0,2019-07-01,426035.0,17252379306.0
50.0,2019-08-01,426627.0,18005252042.0
50.0,2019-09-01,422803.0,18453015731.0
50.0,2019-10-01,424053.0,19559251366.0
50.0,2019-11-01,425592.0,20298308932.0
50.0,2019-12-01,425532.0,28923426273.0
50.0,2020-01-01,420450.0,22336811687.0
50.0,2020-02-01,429924.0,22777094933.0
50.0,2020-03-01,430528.0,22344308056.0
50.0,2020-04-01,412532.0,20911215193.0
50.0,2020-05-01,400598.0,20856077881.0
50.0,2020-06-01,400040.0,27512432095.0
50.0,2020-07-01,399798.0,21749738625.0
50.0,2020-08-01,400312.0,21923337689.0
50.0,2020-09-01,400979.0,22688665624.0
50.0,2020-10-01,401355.0,24959057849.0
50.0,2020-11-01,405644.0,24250490557.0
50.0,2020-12-01,406387.0,35114574322.0
50.0,2021-01-01,407057.0,25793093212.0
50.0,2021-02-01,414341.0,26612196510.0
50.0,2021-03-01,418351.0,28127840335.0
50.0,2021-04-01,416659.0,28712539857.0
50.0,2021-05-01,405403.0,28525142217.0
50.0,2021-06-01,408875.0,41420548477.0
50.0,2021-07-01,407783.0,31207953526.0
50.0,2021-08-01,410072.0,32185086934.0
50.0,2021-09-01,410468.0,33620417018.0
50.0,2021-10-01,410876.0,35426815557.0
50.0,2021-11-01,418990.0,37410319115.0
50.0,2021-12-01,421148.0,54213458584.0
50.0,2022-01-01,420055.0,40658951663.0
50.0,2022-02-01,427204.0,41835799363.0
50.0,2022-03-01,433225.0,46963480919.0
50.0,2022-04-01,427486.0,48170643301.0
50.0,2022-05-01,419360.0,50212158920.0
50.0,2022-06-01,423347.0,72993070868.0
50.0,2022-07-01,423768.0,55260171938.0
50.0,2022-08-01,422842.0,59389880689.0
50.0,2022-09-01,424664.0,63252961029.0
50.0,2022-10-01,425905.0,67180958171.0
50.0,2022-11-01,429437.0,72308318118.0
54.0,2014-01-01,200518.0,1699151675.0
54.0,2014-02-01,201139.0,1601627325.0
54.0,2014-03-01,204727.0,1698823021.0
54.0,2014-04-01,206340.0,1798724630.0
54.0,2014-05-01,208729.0,1841391674.0
54.0,2014-06-01,210167.0,2557123487.0
54.0,2014-07-01,210032.0,1996835468.0
54.0,2014-08-01,209016.0,2016555616.0
54.0,2014-09-01,209506.0,2063124798.0
54.0,2014-10-01,207245.0,2113024806.0
54.0,2014-11-01,211027.0,2186551023.0
54.0,2014-12-01,211610.0,3063382045.0
54.0,2015-01-01,208575.0,2343488627.0
54.0,2015-02-01,210423.0,2233803661.0
54.0,2015-03-01,215642.0,2362941148.0
54.0,2015-04-01,218252.0,2483731363.0
54.0,2015-05-01,221244.0,2592898343.0
54.0,2015-06-01,224024.0,3665463967.0
54.0,2015-07-01,224269.0,2850284594.0
54.0,2015-08-01,224877.0,2905599994.0
54.0,2015-09-01,222547.0,2947017248.0
54.0,2015-10-01,220298.0,2970369935.0
54.0,2015-11-01,220241.0,3067665582.0
54.0,2015-12-01,218470.0,4186227593.0
54.0,2016-01-01,214399.0,3242989085.0
54.0,2016-02-01,214442.0,3073708639.0
54.0,2016-03-01,219353.0,3279052028.0
54.0,2016-04-01,222509.0,3490944432.0
54.0,2016-05-01,224270.0,3590134619.0
54.0,2016-06-01,225377.0,4964591967.0
54.0,2016-07-01,224589.0,3813584786.0
54.0,2016-08-01,223189.0,3859504511.0
54.0,2016-09-01,220263.0,3869793573.0
54.0,2016-10-01,218649.0,3978359469.0
54.0,2016-11-01,219178.0,4043244271.0
54.0,2016-12-01,218884.0,5690982812.0
54.0,2017-01-01,215390.0,4185711786.0
54.0,2017-02-01,215538.0,4187957870.0
54.0,2017-03-01,220515.0,4412020173.0
54.0,2017-04-01,225128.0,4527811191.0
54.0,2017-05-01,229211.0,4687478387.0
54.0,2017-06-01,231920.0,6486918070.0
54.0,2017-07-01,230791.0,4915271321.0
54.0,2017-08-01,229125.0,4954189339.0
54.0,2017-09-01,223604.0,4934623114.0
54.0,2017-10-01,222450.0,5018234824.0
54.0,2017-11-01,223177.0,5108286993.0
54.0,2017-12-01,224131.0,7080532523.0
54.0,2018-01-01,222026.0,5406495130.0
54.0,2018-02-01,221048.0,5249921970.0
54.0,2018-03-01,227765.0,5446148735.0
54.0,2018-04-01,233039.0,5610964135.0
54.0,2018-05-01,235672.0,5783829078.0
54.0,2018-06-01,235468.0,7838172618.0
54.0,2018-07-01,233645.0,5880561103.0
54.0,2018-08-01,232288.0,6182509476.0
54.0,2018-09-01,226660.0,6030131400.0
54.0,2018-10-01,223207.0,6256150788.0
54.0,2018-11-01,223377.0,6406574635.0
54.0,2018-12-01,224117.0,8954138120.0
54.0,2019-01-01,223090.0,7301338591.0
54.0,2019-02-01,222104.0,7172813849.0
54.0,2019-03-01,228743.0,7470015423.0
54.0,2019-04-01,233255.0,7612149828.0
54.0,2019-05-01,236341.0,7949999512.0
54.0,2019-06-01,237596.0,10942852086.0
54.0,2019-07-01,236372.0,8185391815.0
54.0,2019-08-01,214815.0,7811891683.0
54.0,2019-09-01,229162.0,8482899972.0
54.0,2019-10-01,227588.0,8990173201.0
54.0,2019-11-01,225951.0,8933356306.0
54.0,2019-12-01,227632.0,12469566433.0
54.0,2020-01-01,225071.0,9453667004.0
54.0,2020-02-01,224581.0,9923443131.0
54.0,2020-03-01,230228.0,10307336843.0
54.0,2020-04-01,230149.0,10126996584.0
54.0,2020-05-01,231716.0,10285910858.0
54.0,2020-06-01,232689.0,14271456685.0
54.0,2020-07-01,230983.0,10629329102.0
54.0,2020-08-01,230102.0,10730609232.0
54.0,2020-09-01,227850.0,12151287669.0
54.0,2020-10-01,225530.0,12822573200.0
54.0,2020-11-01,225597.0,13031975971.0
54.0,2020-12-01,226378.0,18069893126.0
54.0,2021-01-01,225603.0,13658976190.0
54.0,2021-02-01,227021.0,15454484327.0
54.0,2021-03-01,234329.0,16290614232.0
54.0,2021-04-01,239259.0,16897673470.0
54.0,2021-05-01,242974.0,19748954701.0
54.0,2021-06-01,243007.0,21414895377.0
54.0,2021-07-01,242780.0,20139570632.0
54.0,2021-08-01,220114.0,18873817346.0
54.0,2021-09-01,218274.0,19226855555.0
54.0,2021-10-01,237105.0,21817434175.0
54.0,2021-11-01,238648.0,22447799328.0
54.0,2021-12-01,239009.0,31041927321.0
54.0,2022-01-01,235937.0,23428085101.0
54.0,2022-02-01,237505.0,24038113339.0
54.0,2022-03-01,241769.0,25889237425.0
54.0,2022-04-01,245503.0,27919166716.0
54.0,2022-05-01,250893.0,30124601240.0
54.0,2022-06-01,254521.0,42535369479.0
54.0,2022-07-01,256021.0,34255411396.0
54.0,2022-08-01,255182.0,37222069877.0
54.0,2022-09-01,253418.0,38159197250.0
54.0,2022-10-01,250593.0,41124268947.0
54.0,2022-11-01,251020.0,44589352561.0
58.0,2014-01-01,171142.0,2285362509.0
58.0,2014-02-01,171344.0,2302668342.0
58.0,2014-03-01,171023.0,2498475050.0
58.0,2014-04-01,169858.0,2397338637.0
58.0,2014-05-01,170123.0,2562612297.0
58.0,2014-06-01,171521.0,3608357132.0
58.0,2014-07-01,172256.0,2718850617.0
58.0,2014-08-01,172455.0,2792580476.0
58.0,2014-09-01,173636.0,2889889039.0
58.0,2014-10-01,174039.0,2944478797.0
58.0,2014-11-01,176067.0,3025225557.0
58.0,2014-12-01,177711.0,4495024372.0
58.0,2015-01-01,178305.0,3440009601.0
58.0,2015-02-01,180083.0,3673351937.0
58.0,2015-03-01,178930.0,3682909198.0
58.0,2015-04-01,179570.0,3656539075.0
58.0,2015-05-01,178977.0,3718170662.0
58.0,2015-06-01,179833.0,5431818259.0
58.0,2015-07-01,180057.0,3826572406.0
58.0,2015-08-01,181089.0,3946145504.0
58.0,2015-09-01,180644.0,3984334914.0
58.0,2015-10-01,181187.0,3990331464.0
58.0,2015-11-01,181507.0,4011650285.0
58.0,2015-12-01,183168.0,5885691348.0
58.0,2016-01-01,180630.0,4235994628.0
58.0,2016-02-01,180750.0,4171656596.0
58.0,2016-03-01,180111.0,4664450125.0
58.0,2016-04-01,179356.0,4687036902.0
58.0,2016-05-01,178551.0,4572527227.0
58.0,2016-06-01,180030.0,6614548395.0
58.0,2016-07-01,180120.0,5178683702.0
58.0,2016-08-01,179675.0,5157705691.0
58.0,2016-09-01,178562.0,5080893952.0
58.0,2016-10-01,178855.0,5272089547.0
58.0,2016-11-01,179875.0,5318113044.0
58.0,2016-12-01,180942.0,7906667897.0
58.0,2017-01-01,180335.0,5733622590.0
58.0,2017-02-01,178942.0,5444936990.0
58.0,2017-03-01,177868.0,5586262105.0
58.0,2017-04-01,177165.0,5646252447.0
58.0,2017-05-01,177653.0,5796270278.0
58.0,2017-06-01,177994.0,8631905241.0
58.0,2017-07-01,178579.0,6142537291.0
58.0,2017-08-01,179157.0,6124826109.0
58.0,2017-09-01,179132.0,6225147219.0
58.0,2017-10-01,181133.0,6558538275.0
58.0,2017-11-01,181204.0,6596971643.0
58.0,2017-12-01,182287.0,9662828450.0
58.0,2018-01-01,175864.0,6862996852.0
58.0,2018-02-01,181193.0,6961293727.0
58.0,2018-03-01,181521.0,7146521426.0
58.0,2018-04-01,180228.0,7293299798.0
58.0,2018-05-01,180463.0,7858600555.0
58.0,2018-06-01,180059.0,10851075696.0
58.0,2018-07-01,180364.0,7958983353.0
58.0,2018-08-01,181132.0,8167607308.0
58.0,2018-09-01,180829.0,8364175450.0
58.0,2018-10-01,180924.0,8973163096.0
58.0,2018-11-01,182767.0,9417945684.0
58.0,2018-12-01,183787.0,13717651702.0
58.0,2019-01-01,184254.0,10358958449.0
58.0,2019-02-01,183580.0,10418762096.0
58.0,2019-03-01,184181.0,10941088402.0
58.0,2019-04-01,183691.0,11341461108.0
58.0,2019-05-01,158028.0,10643573579.0
58.0,2019-06-01,184042.0,17029539769.0
58.0,2019-07-01,185152.0,12801212601.0
58.0,2019-08-01,185331.0,12835090768.0
58.0,2019-09-01,185095.0,13058603643.0
58.0,2019-10-01,185368.0,14266209322.0
58.0,2019-11-01,185179.0,14829392433.0
58.0,2019-12-01,186526.0,21420347077.0
58.0,2020-01-01,185450.0,16234400262.0
58.0,2020-02-01,184665.0,16165148726.0
58.0,2020-03-01,184015.0,16289875046.0
58.0,2020-04-01,179883.0,14492509453.0
58.0,2020-05-01,178276.0,15524073676.0
58.0,2020-06-01,177693.0,21385603749.0
58.0,2020-07-01,171832.0,15033325440.0
58.0,2020-08-01,175961.0,15250885650.0
58.0,2020-09-01,176502.0,15867476084.0
58.0,2020-10-01,176796.0,16245940395.0
58.0,2020-11-01,177743.0,16890262343.0
58.0,2020-12-01,178802.0,24073693415.0
58.0,2021-01-01,179383.0,18281093242.0
58.0,2021-02-01,179328.0,18001607664.0
58.0,2021-03-01,180423.0,20093837380.0
58.0,2021-04-01,180283.0,20263177728.0
58.0,2021-05-01,180707.0,21217998304.0
58.0,2021-06-01,181231.0,28593693695.0
58.0,2021-07-01,182434.0,23151160470.0
58.0,2021-08-01,183711.0,23849497555.0
58.0,2021-09-01,184488.0,25298773716.0
58.0,2021-10-01,185085.0,25820872366.0
58.0,2021-11-01,186495.0,26653708210.0
58.0,2021-12-01,188459.0,41185247776.0
58.0,2022-01-01,188485.0,30123692798.0
58.0,2022-02-01,189313.0,30471522373.0
58.0,2022-03-01,185577.0,34894379087.0
58.0,2022-04-01,184646.0,37334960987.0
58.0,2022-05-01,189993.0,39943177332.0
58.0,2022-06-01,190828.0,54127753321.0
58.0,2022-07-01,192159.0,45186814838.0
58.0,2022-08-01,192701.0,47812273813.0
58.0,2022-09-01,193481.0,51166655397.0
58.0,2022-10-01,193581.0,55385328668.0
58.0,2022-11-01,195325.0,59811444621.0
62.0,2014-01-01,191198.0,1899527681.0
62.0,2014-02-01,190162.0,1949543700.0
62.0,2014-03-01,187669.0,2044987876.0
62.0,2014-04-01,185127.0,2021338312.0
62.0,2014-05-01,184290.0,2074953498.0
62.0,2014-06-01,186699.0,2950211681.0
62.0,2014-07-01,187203.0,2200997788.0
62.0,2014-08-01,187291.0,2228426435.0
62.0,2014-09-01,188345.0,2313556300.0
62.0,2014-10-01,187919.0,2352920505.0
62.0,2014-11-01,190142.0,2412878294.0
62.0,2014-12-01,192010.0,3536857048.0
62.0,2015-01-01,195217.0,2664742689.0
62.0,2015-02-01,195671.0,2814274803.0
62.0,2015-03-01,193783.0,2843868982.0
62.0,2015-04-01,192931.0,2786918806.0
62.0,2015-05-01,191798.0,2877762203.0
62.0,2015-06-01,194518.0,4231500974.0
62.0,2015-07-01,194711.0,3073392042.0
62.0,2015-08-01,194900.0,3142657960.0
62.0,2015-09-01,194578.0,3209747451.0
62.0,2015-10-01,194590.0,3226246013.0
62.0,2015-11-01,195416.0,3266067752.0
62.0,2015-12-01,197670.0,4768943827.0
62.0,2016-01-01,198005.0,3452895238.0
62.0,2016-02-01,198067.0,3538201321.0
62.0,2016-03-01,196203.0,3717314043.0
62.0,2016-04-01,193738.0,3761413029.0
62.0,2016-05-01,192403.0,3772425127.0
62.0,2016-06-01,194374.0,5506030493.0
62.0,2016-07-01,194476.0,4083633439.0
62.0,2016-08-01,194707.0,4144947946.0
62.0,2016-09-01,194566.0,4157354195.0
62.0,2016-10-01,193818.0,4272543642.0
62.0,2016-11-01,195096.0,4357291070.0
62.0,2016-12-01,195708.0,6395219299.0
62.0,2017-01-01,197638.0,4675987685.0
62.0,2017-02-01,195944.0,4653388470.0
62.0,2017-03-01,194285.0,4754912833.0
62.0,2017-04-01,190821.0,4757382348.0
62.0,2017-05-01,190488.0,4839271027.0
62.0,2017-06-01,193709.0,7058078543.0
62.0,2017-07-01,192436.0,5079426633.0
62.0,2017-08-01,192718.0,5131625713.0
62.0,2017-09-01,192161.0,5203110593.0
62.0,2017-10-01,192372.0,5381342864.0
62.0,2017-11-01,193206.0,5434309622.0
62.0,2017-12-01,195923.0,7901193910.0
62.0,2018-01-01,197532.0,5693266358.0
62.0,2018-02-01,196171.0,5802933438.0
62.0,2018-03-01,196082.0,5934706025.0
62.0,2018-04-01,193380.0,5991071422.0
62.0,2018-05-01,192263.0,6073086704.0
62.0,2018-06-01,193951.0,8637528045.0
62.0,2018-07-01,192891.0,6236328965.0
62.0,2018-08-01,193043.0,6434534213.0
62.0,2018-09-01,191643.0,6581187054.0
62.0,2018-10-01,191185.0,6849749772.0
62.0,2018-11-01,192085.0,7097977543.0
62.0,2018-12-01,193158.0,10286257222.0
62.0,2019-01-01,195020.0,7688411698.0
62.0,2019-02-01,194132.0,7949815089.0
62.0,2019-03-01,193480.0,8342522779.0
62.0,2019-04-01,191696.0,8348711144.0
62.0,2019-05-01,201507.0,8735335210.0
62.0,2019-06-01,193171.0,12494176025.0
62.0,2019-07-01,192382.0,9177461748.0
62.0,2019-08-01,193089.0,9448932061.0
62.0,2019-09-01,191693.0,9706273130.0
62.0,2019-10-01,191513.0,10233233125.0
62.0,2019-11-01,191920.0,10420968245.0
62.0,2019-12-01,194161.0,15216974831.0
62.0,2020-01-01,195043.0,11433905474.0
62.0,2020-02-01,193966.0,11884602016.0
62.0,2020-03-01,192159.0,11897807141.0
62.0,2020-04-01,187172.0,10847161392.0
62.0,2020-05-01,185791.0,10908943355.0
62.0,2020-06-01,187994.0,15789473417.0
62.0,2020-07-01,184470.0,11213302147.0
62.0,2020-08-01,185169.0,11275941119.0
62.0,2020-09-01,185593.0,11834002223.0
62.0,2020-10-01,185580.0,12596809842.0
62.0,2020-11-01,187498.0,13152257329.0
62.0,2020-12-01,187814.0,19051620562.0
62.0,2021-01-01,190560.0,14428234563.0
62.0,2021-02-01,190224.0,15051755027.0
62.0,2021-03-01,191364.0,15713319476.0
62.0,2021-04-01,189958.0,15921126671.0
62.0,2021-05-01,189267.0,16259536260.0
62.0,2021-06-01,190906.0,23801745769.0
62.0,2021-07-01,190097.0,17529830877.0
62.0,2021-08-01,190697.0,19574956188.0
62.0,2021-09-01,191480.0,20464475052.0
62.0,2021-10-01,192270.0,21201836259.0
62.0,2021-11-01,194368.0,22094909957.0
62.0,2021-12-01,196005.0,33117477519.0
62.0,2022-01-01,198273.0,24714077294.0
62.0,2022-02-01,197240.0,25593310183.0
62.0,2022-03-01,196930.0,27641933717.0
62.0,2022-04-01,194826.0,28577900334.0
62.0,2022-05-01,194770.0,30827890843.0
62.0,2022-06-01,197118.0,46219552986.0
62.0,2022-07-01,197507.0,34238969899.0
62.0,2022-08-01,198274.0,37298074074.0
62.0,2022-09-01,198462.0,39782865730.0
62.0,2022-10-01,198433.0,41390557426.0
62.0,2022-11-01,199716.0,45197930048.0
66.0,2014-01-01,218389.0,1752740914.0
66.0,2014-02-01,218622.0,1775416301.0
66.0,2014-03-01,218177.0,1839147725.0
66.0,2014-04-01,213970.0,1895927826.0
66.0,2014-05-01,215197.0,1978430223.0
66.0,2014-06-01,216258.0,2831463073.0
66.0,2014-07-01,216656.0,2116960431.0
66.0,2014-08-01,217518.0,2189420479.0
66.0,2014-09-01,223600.0,2238778994.0
66.0,2014-10-01,226316.0,2318315159.0
66.0,2014-11-01,228356.0,2357028125.0
66.0,2014-12-01,229530.0,3427618656.0
66.0,2015-01-01,229320.0,2463483943.0
66.0,2015-02-01,234240.0,2584561077.0
66.0,2015-03-01,233292.0,2654498086.0
66.0,2015-04-01,229585.0,2757583343.0
66.0,2015-05-01,229616.0,2832417647.0
66.0,2015-06-01,230677.0,4215263167.0
66.0,2015-07-01,229892.0,3067117163.0
66.0,2015-08-01,229838.0,3115853781.0
66.0,2015-09-01,234066.0,3190335664.0
66.0,2015-10-01,235821.0,3232870511.0
66.0,2015-11-01,237280.0,3305996929.0
66.0,2015-12-01,236344.0,4737989398.0
66.0,2016-01-01,234923.0,3375920853.0
66.0,2016-02-01,236604.0,3539063684.0
66.0,2016-03-01,235194.0,3614583292.0
66.0,2016-04-01,230332.0,3725647729.0
66.0,2016-05-01,228833.0,3797693099.0
66.0,2016-06-01,230221.0,5619514380.0
66.0,2016-07-01,229900.0,3995632193.0
66.0,2016-08-01,230426.0,4189861453.0
66.0,2016-09-01,233981.0,4298163173.0
66.0,2016-10-01,236349.0,4421335470.0
66.0,2016-11-01,236720.0,4457991364.0
66.0,2016-12-01,235891.0,6505367896.0
66.0,2017-01-01,237118.0,4656176723.0
66.0,2017-02-01,237570.0,4733152199.0
66.0,2017-03-01,236950.0,4856305585.0
66.0,2017-04-01,231037.0,4822053790.0
66.0,2017-05-01,229796.0,4995801699.0
66.0,2017-06-01,231483.0,7346491672.0
66.0,2017-07-01,232650.0,5254692442.0
66.0,2017-08-01,233225.0,5361730090.0
66.0,2017-09-01,235061.0,5437482746.0
66.0,2017-10-01,239089.0,5637248610.0
66.0,2017-11-01,238015.0,5797927686.0
66.0,2017-12-01,239360.0,8348945616.0
66.0,2018-01-01,238256.0,5943269648.0
66.0,2018-02-01,238164.0,5912142581.0
66.0,2018-03-01,238148.0,6217915403.0
66.0,2018-04-01,233324.0,6090965194.0
66.0,2018-05-01,232540.0,6229134891.0
66.0,2018-06-01,232438.0,8961130243.0
66.0,2018-07-01,232527.0,6411889975.0
66.0,2018-08-01,232974.0,6598687348.0
66.0,2018-09-01,234794.0,6737213560.0
66.0,2018-10-01,238387.0,7189483392.0
66.0,2018-11-01,239484.0,7424513957.0
66.0,2018-12-01,239444.0,10971088791.0
66.0,2019-01-01,239204.0,8019298049.0
66.0,2019-02-01,240033.0,8141257944.0
66.0,2019-03-01,237786.0,8718391932.0
66.0,2019-04-01,234447.0,8723905225.0
66.0,2019-05-01,233870.0,8992116751.0
66.0,2019-06-01,234464.0,13234215080.0
66.0,2019-07-01,235010.0,9795661241.0
66.0,2019-08-01,234906.0,10192109882.0
66.0,2019-09-01,236461.0,10637497152.0
66.0,2019-10-01,240134.0,11185787422.0
66.0,2019-11-01,238741.0,11481443067.0
66.0,2019-12-01,238879.0,16872212414.0
66.0,2020-01-01,238435.0,12101282229.0
66.0,2020-02-01,238536.0,12449184718.0
66.0,2020-03-01,237601.0,13013230777.0
66.0,2020-04-01,227554.0,12303732215.0
66.0,2020-05-01,225675.0,12462448355.0
66.0,2020-06-01,225183.0,18507189684.0
66.0,2020-07-01,223543.0,13681685264.0
66.0,2020-08-01,223606.0,13538778870.0
66.0,2020-09-01,225642.0,13886824385.0
66.0,2020-10-01,227305.0,14618105184.0
66.0,2020-11-01,227698.0,14852178390.0
66.0,2020-12-01,228886.0,21945519567.0
66.0,2021-01-01,230106.0,15844719512.0
66.0,2021-02-01,231505.0,16682136799.0
66.0,2021-03-01,234025.0,17509775025.0
66.0,2021-04-01,230484.0,17799599973.0
66.0,2021-05-01,229569.0,18241333791.0
66.0,2021-06-01,230970.0,27243412941.0
66.0,2021-07-01,230002.0,20317377352.0
66.0,2021-08-01,230858.0,21406485257.0
66.0,2021-09-01,234590.0,22248997496.0
66.0,2021-10-01,235157.0,23180235956.0
66.0,2021-11-01,237859.0,24261987917.0
66.0,2021-12-01,237475.0,35817328072.0
66.0,2022-01-01,237281.0,25737769155.0
66.0,2022-02-01,239421.0,27499827117.0
66.0,2022-03-01,240976.0,29440684191.0
66.0,2022-04-01,238431.0,30804975882.0
66.0,2022-05-01,237836.0,32239185895.0
66.0,2022-06-01,239094.0,49186504812.0
66.0,2022-07-01,240147.0,37288963349.0
66.0,2022-08-01,241977.0,39994981517.0
66.0,2022-09-01,244183.0,43446228247.0
66.0,2022-10-01,246611.0,46459288013.0
66.0,2022-11-01,248475.0,49459728491.0
70.0,2014-01-01,149829.0,1303807023.0
70.0,2014-02-01,150882.0,1276788202.0
70.0,2014-03-01,151768.0,1442797351.0
70.0,2014-04-01,148902.0,1464618277.0
70.0,2014-05-01,147039.0,1443012261.0
70.0,2014-06-01,148598.0,2120124922.0
70.0,2014-07-01,148805.0,1528501066.0
70.0,2014-08-01,149114.0,1533215309.0
70.0,2014-09-01,150114.0,1551994560.0
70.0,2014-10-01,150738.0,1592997263.0
70.0,2014-11-01,151580.0,1610312750.0
70.0,2014-12-01,153165.0,2363200616.0
70.0,2015-01-01,151933.0,1723897246.0
70.0,2015-02-01,153094.0,1705687227.0
70.0,2015-03-01,153998.0,1867624409.0
70.0,2015-04-01,153481.0,1879340060.0
70.0,2015-05-01,152428.0,1927010600.0
70.0,2015-06-01,155533.0,2918316490.0
70.0,2015-07-01,153914.0,2055260685.0
70.0,2015-08-01,153647.0,2066613108.0
70.0,2015-09-01,153479.0,2075568696.0
70.0,2015-10-01,154038.0,2084270566.0
70.0,2015-11-01,154095.0,2137896959.0
70.0,2015-12-01,154447.0,3105553463.0
70.0,2016-01-01,150877.0,2297747098.0
70.0,2016-02-01,151995.0,2418921397.0
70.0,2016-03-01,154468.0,2502436093.0
70.0,2016-04-01,153942.0,2551019722.0
70.0,2016-05-01,153010.0,2582360454.0
70.0,2016-06-01,153696.0,3784311970.0
70.0,2016-07-01,152013.0,2655552651.0
70.0,2016-08-01,152337.0,2720215815.0
70.0,2016-09-01,152360.0,2756765304.0
70.0,2016-10-01,152757.0,2787444598.0
70.0,2016-11-01,153857.0,2948898263.0
70.0,2016-12-01,154196.0,4233498332.0
70.0,2017-01-01,151936.0,3054425967.0
70.0,2017-02-01,152436.0,3019654788.0
70.0,2017-03-01,154724.0,3206979786.0
70.0,2017-04-01,151999.0,3153880243.0
70.0,2017-05-01,151443.0,3264132624.0
70.0,2017-06-01,152634.0,4798113603.0
70.0,2017-07-01,152835.0,3387961522.0
70.0,2017-08-01,153975.0,3508138037.0
70.0,2017-09-01,154415.0,3522327376.0
70.0,2017-10-01,158163.0,3659431638.0
70.0,2017-11-01,158828.0,3751907220.0
70.0,2017-12-01,159343.0,5443137495.0
70.0,2018-01-01,156740.0,4058219253.0
70.0,2018-02-01,157491.0,3958471542.0
70.0,2018-03-01,160254.0,4125660781.0
70.0,2018-04-01,159774.0,4193804673.0
70.0,2018-05-01,158463.0,4285061492.0
70.0,2018-06-01,157857.0,6123600478.0
70.0,2018-07-01,158604.0,4344768786.0
70.0,2018-08-01,159318.0,4491528351.0
70.0,2018-09-01,158455.0,4599592076.0
70.0,2018-10-01,161329.0,4887488651.0
70.0,2018-11-01,161051.0,5164049924.0
70.0,2018-12-01,160848.0,7515017414.0
70.0,2019-01-01,157269.0,5617741916.0
70.0,2019-02-01,160781.0,5599297855.0
70.0,2019-03-01,162043.0,5992118241.0
70.0,2019-04-01,160250.0,6243013450.0
70.0,2019-05-01,160027.0,6270100734.0
70.0,2019-06-01,159897.0,8959627813.0
70.0,2019-07-01,158824.0,6489911506.0
70.0,2019-08-01,160175.0,6807046745.0
70.0,2019-09-01,159285.0,6987617554.0
70.0,2019-10-01,160619.0,7458632290.0
70.0,2019-11-01,159639.0,7664173045.0
70.0,2019-12-01,160709.0,11402178665.0
70.0,2020-01-01,155939.0,8791159525.0
70.0,2020-02-01,158743.0,8878298739.0
70.0,2020-03-01,158572.0,8694550390.0
70.0,2020-04-01,151362.0,8258608778.0
70.0,2020-05-01,149818.0,8254956096.0
70.0,2020-06-01,152368.0,12435560601.0
70.0,2020-07-01,152250.0,8716426916.0
70.0,2020-08-01,152467.0,8747154402.0
70.0,2020-09-01,153713.0,8916685738.0
70.0,2020-10-01,153810.0,9503666062.0
70.0,2020-11-01,154815.0,9722615052.0
70.0,2020-12-01,156907.0,14501975525.0
70.0,2021-01-01,154109.0,11054424117.0
70.0,2021-02-01,158828.0,11039374194.0
70.0,2021-03-01,160430.0,12311594752.0
70.0,2021-04-01,158987.0,12441309691.0
70.0,2021-05-01,159345.0,13022252607.0
70.0,2021-06-01,159839.0,18926264091.0
70.0,2021-07-01,160400.0,13883424968.0
70.0,2021-08-01,161401.0,14400280865.0
70.0,2021-09-01,162198.0,14754667894.0
70.0,2021-10-01,162819.0,15700082284.0
70.0,2021-11-01,162727.0,16137495650.0
70.0,2021-12-01,165371.0,24241880339.0
70.0,2022-01-01,161562.0,18785939093.0
70.0,2022-02-01,164977.0,18720336757.0
70.0,2022-03-01,166887.0,20527466605.0
70.0,2022-04-01,166832.0,20904183521.0
70.0,2022-05-01,166267.0,22310812710.0
70.0,2022-06-01,166819.0,37476682251.0
70.0,2022-07-01,167427.0,26953095918.0
70.0,2022-08-01,168015.0,28202560725.0
70.0,2022-09-01,169330.0,29638286554.0
70.0,2022-10-01,170462.0,31694215826.0
70.0,2022-11-01,172345.0,34330592682.0
74.0,2014-01-01,97131.0,860603270.0
74.0,2014-02-01,96678.0,819942843.0
74.0,2014-03-01,96610.0,865791429.0
74.0,2014-04-01,96329.0,900533128.0
74.0,2014-05-01,96092.0,912967668.0
74.0,2014-06-01,96108.0,1341249803.0
74.0,2014-07-01,95834.0,981935286.0
74.0,2014-08-01,95892.0,978049117.0
74.0,2014-09-01,95993.0,999681423.0
74.0,2014-10-01,96699.0,1053391554.0
74.0,2014-11-01,97451.0,1052134003.0
74.0,2014-12-01,98456.0,1619019379.0
74.0,2015-01-01,98758.0,1135927452.0
74.0,2015-02-01,99084.0,1092227391.0
74.0,2015-03-01,99939.0,1181933637.0
74.0,2015-04-01,100821.0,1201250803.0
74.0,2015-05-01,102329.0,1238970241.0
74.0,2015-06-01,103385.0,1921469706.0
74.0,2015-07-01,103107.0,1387702961.0
74.0,2015-08-01,103915.0,1387942251.0
74.0,2015-09-01,103664.0,1422058816.0
74.0,2015-10-01,104022.0,1465231444.0
74.0,2015-11-01,103221.0,1494083993.0
74.0,2015-12-01,102161.0,2228507796.0
74.0,2016-01-01,100740.0,1546247294.0
74.0,2016-02-01,100578.0,1514857348.0
74.0,2016-03-01,100893.0,1643177182.0
74.0,2016-04-01,99866.0,1688139365.0
74.0,2016-05-01,99258.0,1729238549.0
74.0,2016-06-01,98796.0,2554954713.0
74.0,2016-07-01,97606.0,1830333605.0
74.0,2016-08-01,97461.0,1855965928.0
74.0,2016-09-01,97442.0,1849936211.0
74.0,2016-10-01,97593.0,1902317537.0
74.0,2016-11-01,98355.0,1969560281.0
74.0,2016-12-01,98682.0,2981227934.0
74.0,2017-01-01,97505.0,2148836868.0
74.0,2017-02-01,99038.0,2033037500.0
74.0,2017-03-01,100494.0,2183709280.0
74.0,2017-04-01,99444.0,2163939237.0
74.0,2017-05-01,99953.0,2219802174.0
74.0,2017-06-01,100406.0,3313493311.0
74.0,2017-07-01,100833.0,2400806929.0
74.0,2017-08-01,100955.0,2433437043.0
74.0,2017-09-01,100340.0,2510699455.0
74.0,2017-10-01,101216.0,2550107997.0
74.0,2017-11-01,101164.0,2575254634.0
74.0,2017-12-01,101619.0,3911682501.0
74.0,2018-01-01,101507.0,2763213190.0
74.0,2018-02-01,101669.0,2672926154.0
74.0,2018-03-01,101692.0,2784398186.0
74.0,2018-04-01,105983.0,2847449636.0
74.0,2018-05-01,105849.0,2929435211.0
74.0,2018-06-01,105333.0,4216605539.0
74.0,2018-07-01,104816.0,2991245558.0
74.0,2018-08-01,104267.0,3092364882.0
74.0,2018-09-01,103464.0,3061147965.0
74.0,2018-10-01,103632.0,3215164750.0
74.0,2018-11-01,103470.0,3330131843.0
74.0,2018-12-01,103614.0,5204339040.0
74.0,2019-01-01,103490.0,3737856593.0
74.0,2019-02-01,103782.0,3611055600.0
74.0,2019-03-01,103872.0,3898702934.0
74.0,2019-04-01,103738.0,4011374027.0
74.0,2019-05-01,103648.0,4196865518.0
74.0,2019-06-01,104211.0,5934762806.0
74.0,2019-07-01,103805.0,4376302013.0
74.0,2019-08-01,104280.0,4493983901.0
74.0,2019-09-01,103371.0,4773924173.0
74.0,2019-10-01,103894.0,5327159648.0
74.0,2019-11-01,102936.0,5023983499.0
74.0,2019-12-01,105070.0,7508288388.0
74.0,2020-01-01,104489.0,5686475749.0
74.0,2020-02-01,104276.0,5496067545.0
74.0,2020-03-01,103994.0,5785895858.0
74.0,2020-04-01,102885.0,5620472415.0
74.0,2020-05-01,102565.0,5722184615.0
74.0,2020-06-01,102631.0,8605907143.0
74.0,2020-07-01,102754.0,6165898430.0
74.0,2020-08-01,102995.0,6280249282.0
74.0,2020-09-01,103182.0,6316225357.0
74.0,2020-10-01,103752.0,6646261575.0
74.0,2020-11-01,104264.0,6996514649.0
74.0,2020-12-01,104567.0,10440658770.0
74.0,2021-01-01,104430.0,7707490324.0
74.0,2021-02-01,104753.0,7572880689.0
74.0,2021-03-01,105136.0,8242869692.0
74.0,2021-04-01,105878.0,8475436503.0
74.0,2021-05-01,105625.0,8534735426.0
74.0,2021-06-01,105743.0,12631104783.0
74.0,2021-07-01,105570.0,9492946545.0
74.0,2021-08-01,105884.0,9555693306.0
74.0,2021-09-01,107196.0,9849069502.0
74.0,2021-10-01,106979.0,10518209193.0
74.0,2021-11-01,108846.0,10892646199.0
74.0,2021-12-01,109229.0,16682758141.0
74.0,2022-01-01,109542.0,12268106812.0
74.0,2022-02-01,109802.0,11943812030.0
74.0,2022-03-01,110660.0,13397096985.0
74.0,2022-04-01,111206.0,13769324444.0
74.0,2022-05-01,111332.0,14486279536.0
74.0,2022-06-01,112225.0,22182559442.0
74.0,2022-07-01,112620.0,16664453156.0
74.0,2022-08-01,113038.0,17419670017.0
74.0,2022-09-01,113502.0,18515815440.0
74.0,2022-10-01,113860.0,20029602097.0
74.0,2022-11-01,111897.0,21058885461.0
78.0,2014-01-01,64786.0,1196810587.0
78.0,2014-02-01,65161.0,1119445321.0
78.0,2014-03-01,65380.0,1135786594.0
78.0,2014-04-01,64979.0,1111741671.0
78.0,2014-05-01,64908.0,1198335797.0
78.0,2014-06-01,65318.0,1757694381.0
78.0,2014-07-01,64662.0,1284374817.0
78.0,2014-08-01,64433.0,1313432778.0
78.0,2014-09-01,65545.0,1359528586.0
78.0,2014-10-01,66078.0,1424488941.0
78.0,2014-11-01,66505.0,1424722347.0
78.0,2014-12-01,67558.0,2136640240.0
78.0,2015-01-01,66762.0,1643922618.0
78.0,2015-02-01,66967.0,1684642162.0
78.0,2015-03-01,67374.0,1715487198.0
78.0,2015-04-01,67052.0,1584388833.0
78.0,2015-05-01,66746.0,1651856815.0
78.0,2015-06-01,67103.0,2529963935.0
78.0,2015-07-01,66904.0,1794504235.0
78.0,2015-08-01,66987.0,1803673071.0
78.0,2015-09-01,67273.0,1806865800.0
78.0,2015-10-01,66895.0,1833036054.0
78.0,2015-11-01,66988.0,1896541188.0
78.0,2015-12-01,66957.0,2749278412.0
78.0,2016-01-01,65916.0,1969951241.0
78.0,2016-02-01,64962.0,2023029543.0
78.0,2016-03-01,64467.0,1936118397.0
78.0,2016-04-01,63626.0,1948963144.0
78.0,2016-05-01,63271.0,2002997909.0
78.0,2016-06-01,62592.0,2868881206.0
78.0,2016-07-01,62326.0,2194055545.0
78.0,2016-08-01,62470.0,2292410536.0
78.0,2016-09-01,62495.0,2261188627.0
78.0,2016-10-01,62783.0,2366689968.0
78.0,2016-11-01,63131.0,2320344856.0
78.0,2016-12-01,63334.0,3371930024.0
78.0,2017-01-01,62894.0,2432129584.0
78.0,2017-02-01,63472.0,2554924903.0
78.0,2017-03-01,63695.0,2479803678.0
78.0,2017-04-01,62772.0,2424535777.0
78.0,2017-05-01,62448.0,2566771321.0
78.0,2017-06-01,62517.0,3654256679.0
78.0,2017-07-01,61859.0,2710111063.0
78.0,2017-08-01,62200.0,2673721302.0
78.0,2017-09-01,62365.0,2664568731.0
78.0,2017-10-01,62743.0,2840312345.0
78.0,2017-11-01,62896.0,2833799144.0
78.0,2017-12-01,63049.0,4056164005.0
78.0,2018-01-01,62966.0,3018390649.0
78.0,2018-02-01,62647.0,3123259186.0
78.0,2018-03-01,62747.0,3009630902.0
78.0,2018-04-01,61492.0,2873679636.0
78.0,2018-05-01,61564.0,3165878268.0
78.0,2018-06-01,61661.0,4213311131.0
78.0,2018-07-01,60759.0,3113066298.0
78.0,2018-08-01,60890.0,3208966911.0
78.0,2018-09-01,60857.0,3265318542.0
78.0,2018-10-01,61522.0,3478545280.0
78.0,2018-11-01,61571.0,3585856930.0
78.0,2018-12-01,62244.0,5071022226.0
78.0,2019-01-01,62883.0,3903069349.0
78.0,2019-02-01,63051.0,4225999148.0
78.0,2019-03-01,62510.0,4136697652.0
78.0,2019-04-01,61420.0,4065292858.0
78.0,2019-05-01,60984.0,4451166202.0
78.0,2019-06-01,62301.0,6274023766.0
78.0,2019-07-01,61514.0,4681966585.0
78.0,2019-08-01,61595.0,4856247022.0
78.0,2019-09-01,61490.0,4884811760.0
78.0,2019-10-01,62541.0,5305554718.0
78.0,2019-11-01,62397.0,5335653564.0
78.0,2019-12-01,62834.0,7766324262.0
78.0,2020-01-01,63164.0,5892182612.0
78.0,2020-02-01,63898.0,6559376300.0
78.0,2020-03-01,62841.0,6125430312.0
78.0,2020-04-01,60727.0,5147300868.0
78.0,2020-05-01,60184.0,5365019759.0
78.0,2020-06-01,65388.0,8100933032.0
78.0,2020-07-01,59685.0,5621972330.0
78.0,2020-08-01,60239.0,5909817488.0
78.0,2020-09-01,60257.0,6010402042.0
78.0,2020-10-01,60270.0,6622661459.0
78.0,2020-11-01,60461.0,6920679979.0
78.0,2020-12-01,61054.0,9654518891.0
78.0,2021-01-01,61618.0,7799358057.0
78.0,2021-02-01,62676.0,8140472902.0
78.0,2021-03-01,62606.0,8252759834.0
78.0,2021-04-01,67058.0,8932301474.0
78.0,2021-05-01,66959.0,9079393140.0
78.0,2021-06-01,68465.0,13247156425.0
78.0,2021-07-01,62321.0,9344609562.0
78.0,2021-08-01,62492.0,9674014910.0
78.0,2021-09-01,63127.0,10315291844.0
78.0,2021-10-01,63352.0,10558530117.0
78.0,2021-11-01,63850.0,10719057461.0
78.0,2021-12-01,64565.0,16790760470.0
78.0,2022-01-01,64772.0,12438592107.0
78.0,2022-02-01,65520.0,14216328642.0
78.0,2022-03-01,65730.0,14380560654.0
78.0,2022-04-01,65290.0,14817388911.0
78.0,2022-05-01,65016.0,15511153520.0
78.0,2022-06-01,65831.0,23390699493.0
78.0,2022-07-01,64629.0,17132122763.0
78.0,2022-08-01,64836.0,18297302383.0
78.0,2022-09-01,65329.0,19263060616.0
78.0,2022-10-01,65752.0,20518539316.0
78.0,2022-11-01,66143.0,23388143236.0
82.0,2014-01-01,712298.0,6958392733.0
82.0,2014-02-01,709465.0,6776269066.0
82.0,2014-03-01,713820.0,7195316120.0
82.0,2014-04-01,722097.0,7684895697.0
82.0,2014-05-01,725758.0,7723120172.0
82.0,2014-06-01,727849.0,11154390592.0
82.0,2014-07-01,724912.0,8289609597.0
82.0,2014-08-01,728163.0,8166145138.0
82.0,2014-09-01,732069.0,8449532281.0
82.0,2014-10-01,735285.0,8663910686.0
82.0,2014-11-01,739368.0,8841690753.0
82.0,2014-12-01,739669.0,12946893215.0
82.0,2015-01-01,733119.0,9463443541.0
82.0,2015-02-01,722161.0,9000802860.0
82.0,2015-03-01,732302.0,9541340784.0
82.0,2015-04-01,743725.0,10230496079.0
82.0,2015-05-01,744147.0,10221607951.0
82.0,2015-06-01,751130.0,15403700847.0
82.0,2015-07-01,749611.0,11436789081.0
82.0,2015-08-01,751655.0,11208029799.0
82.0,2015-09-01,752882.0,11508651982.0
82.0,2015-10-01,758571.0,11707651614.0
82.0,2015-11-01,759723.0,11834506283.0
82.0,2015-12-01,757996.0,17343416317.0
82.0,2016-01-01,736912.0,12556617622.0
82.0,2016-02-01,736413.0,12302187808.0
82.0,2016-03-01,744398.0,13223842293.0
82.0,2016-04-01,748265.0,13676401542.0
82.0,2016-05-01,750884.0,13979830373.0
82.0,2016-06-01,751034.0,19987555436.0
82.0,2016-07-01,748952.0,14696627383.0
82.0,2016-08-01,750794.0,14982832298.0
82.0,2016-09-01,752131.0,15179541489.0
82.0,2016-10-01,752261.0,15640651364.0
82.0,2016-11-01,758307.0,16026162915.0
82.0,2016-12-01,759003.0,23740666338.0
82.0,2017-01-01,750789.0,17324187514.0
82.0,2017-02-01,741502.0,16542242821.0
82.0,2017-03-01,749490.0,17360186892.0
82.0,2017-04-01,753756.0,17613881282.0
82.0,2017-05-01,759704.0,18987136490.0
82.0,2017-06-01,759513.0,26389052289.0
82.0,2017-07-01,757951.0,19275081157.0
82.0,2017-08-01,762112.0,19503303761.0
82.0,2017-09-01,764112.0,19731933747.0
82.0,2017-10-01,770745.0,20288564202.0
82.0,2017-11-01,771836.0,20514080789.0
82.0,2017-12-01,771992.0,29563635837.0
82.0,2018-01-01,763143.0,21878326954.0
82.0,2018-02-01,751874.0,20796068171.0
82.0,2018-03-01,760240.0,21435480243.0
82.0,2018-04-01,763493.0,21987368994.0
82.0,2018-05-01,768860.0,23254590110.0
82.0,2018-06-01,764931.0,32444966654.0
82.0,2018-07-01,761416.0,23286841128.0
82.0,2018-08-01,765850.0,24020270739.0
82.0,2018-09-01,764582.0,24568535863.0
82.0,2018-10-01,764996.0,26015143954.0
82.0,2018-11-01,763817.0,27173357392.0
82.0,2018-12-01,759795.0,39297309955.0
82.0,2019-01-01,752423.0,29831312273.0
82.0,2019-02-01,742780.0,28897091030.0
82.0,2019-03-01,745483.0,30104711680.0
82.0,2019-04-01,754817.0,32580602600.0
82.0,2019-05-01,752642.0,32653747537.0
82.0,2019-06-01,756795.0,46913088316.0
82.0,2019-07-01,753088.0,34399045773.0
82.0,2019-08-01,754654.0,35270608474.0
82.0,2019-09-01,751198.0,36330178739.0
82.0,2019-10-01,755401.0,39036646232.0
82.0,2019-11-01,753120.0,39534769463.0
82.0,2019-12-01,750777.0,57580537710.0
82.0,2020-01-01,740365.0,43830748621.0
82.0,2020-02-01,729119.0,43124049949.0
82.0,2020-03-01,732801.0,43773634789.0
82.0,2020-04-01,724612.0,42327755915.0
82.0,2020-05-01,721041.0,42849105351.0
82.0,2020-06-01,716650.0,62270091463.0
82.0,2020-07-01,716194.0,44772944758.0
82.0,2020-08-01,717794.0,45310525259.0
82.0,2020-09-01,718655.0,47261703403.0
82.0,2020-10-01,721407.0,50776343217.0
82.0,2020-11-01,724068.0,50444996192.0
82.0,2020-12-01,725693.0,73998457142.0
82.0,2021-01-01,727425.0,58234446713.0
82.0,2021-02-01,724964.0,57146233225.0
82.0,2021-03-01,734588.0,62449625529.0
82.0,2021-04-01,742957.0,64940641511.0
82.0,2021-05-01,745294.0,65285836411.0
82.0,2021-06-01,744114.0,96568536547.0
82.0,2021-07-01,742546.0,70618670096.0
82.0,2021-08-01,749569.0,73064208150.0
82.0,2021-09-01,757688.0,77044362674.0
82.0,2021-10-01,759040.0,80140066490.0
82.0,2021-11-01,766656.0,83581074712.0
82.0,2021-12-01,766988.0,122639396807.0
82.0,2022-01-01,760957.0,92163445446.0
82.0,2022-02-01,752119.0,91811141764.0
82.0,2022-03-01,763340.0,104267051835.0
82.0,2022-04-01,772347.0,107408104976.0
82.0,2022-05-01,777225.0,114068405211.0
82.0,2022-06-01,779065.0,164816242306.0
82.0,2022-07-01,779447.0,123262735168.0
82.0,2022-08-01,780170.0,131001253220.0
82.0,2022-09-01,781828.0,138877893746.0
82.0,2022-10-01,785730.0,154698041538.0
82.0,2022-11-01,792869.0,162315007292.0
86.0,2014-01-01,143297.0,878892856.0
86.0,2014-02-01,140997.0,935368760.0
86.0,2014-03-01,138406.0,972029762.0
86.0,2014-04-01,138601.0,998012519.0
86.0,2014-05-01,138968.0,1011267987.0
86.0,2014-06-01,139918.0,1451878729.0
86.0,2014-07-01,138961.0,1047266880.0
86.0,2014-08-01,139312.0,1056494498.0
86.0,2014-09-01,140147.0,1067892128.0
86.0,2014-10-01,141718.0,1058146829.0
86.0,2014-11-01,141676.0,1099488725.0
86.0,2014-12-01,144214.0,1590853794.0
86.0,2015-01-01,149300.0,1184122287.0
86.0,2015-02-01,148982.0,1170588710.0
86.0,2015-03-01,147898.0,1489305743.0
86.0,2015-04-01,147078.0,1329963520.0
86.0,2015-05-01,145982.0,1349835240.0
86.0,2015-06-01,146726.0,1961915375.0
86.0,2015-07-01,145334.0,1404240432.0
86.0,2015-08-01,145527.0,1414424485.0
86.0,2015-09-01,145188.0,1431680436.0
86.0,2015-10-01,145302.0,1455911975.0
86.0,2015-11-01,145668.0,1517235005.0
86.0,2015-12-01,145544.0,2136224776.0
86.0,2016-01-01,145403.0,1503508803.0
86.0,2016-02-01,146037.0,1512874053.0
86.0,2016-03-01,145128.0,1927310688.0
86.0,2016-04-01,142223.0,1781669996.0
86.0,2016-05-01,141004.0,1800658971.0
86.0,2016-06-01,142297.0,2627401737.0
86.0,2016-07-01,140750.0,1860815239.0
86.0,2016-08-01,140421.0,1867309184.0
86.0,2016-09-01,140138.0,1880246876.0
86.0,2016-10-01,140684.0,1908941120.0
86.0,2016-11-01,141466.0,1949903105.0
86.0,2016-12-01,143755.0,2870907476.0
86.0,2017-01-01,145542.0,2091435768.0
86.0,2017-02-01,145544.0,2052804186.0
86.0,2017-03-01,143960.0,2338708831.0
86.0,2017-04-01,145904.0,2366778292.0
86.0,2017-05-01,145453.0,2411104336.0
86.0,2017-06-01,146621.0,3487307954.0
86.0,2017-07-01,145632.0,2492104553.0
86.0,2017-08-01,146572.0,2524470816.0
86.0,2017-09-01,146838.0,2526378286.0
86.0,2017-10-01,148672.0,2589981505.0
86.0,2017-11-01,148182.0,2585804159.0
86.0,2017-12-01,151157.0,3766310546.0
86.0,2018-01-01,152641.0,2768929423.0
86.0,2018-02-01,152383.0,2721465010.0
86.0,2018-03-01,151202.0,2951624564.0
86.0,2018-04-01,149814.0,2941219655.0
86.0,2018-05-01,149274.0,2988959891.0
86.0,2018-06-01,151402.0,4292752102.0
86.0,2018-07-01,149216.0,2999295386.0
86.0,2018-08-01,151522.0,3100911903.0
86.0,2018-09-01,150467.0,3082096702.0
86.0,2018-10-01,150774.0,3149031821.0
86.0,2018-11-01,151500.0,3234290318.0
86.0,2018-12-01,152419.0,4674708215.0
86.0,2019-01-01,154260.0,3474795948.0
86.0,2019-02-01,154828.0,3917494598.0
86.0,2019-03-01,152821.0,3982254829.0
86.0,2019-04-01,151252.0,4088748253.0
86.0,2019-05-01,150119.0,4095852798.0
86.0,2019-06-01,150365.0,5827743216.0
86.0,2019-07-01,150455.0,4241637689.0
86.0,2019-08-01,150880.0,4213245351.0
86.0,2019-09-01,148606.0,4279664573.0
86.0,2019-10-01,150303.0,4480060172.0
86.0,2019-11-01,149681.0,4493396777.0
86.0,2019-12-01,151399.0,6577474010.0
86.0,2020-01-01,152845.0,4877760289.0
86.0,2020-02-01,153702.0,4951512228.0
86.0,2020-03-01,150814.0,5679151568.0
86.0,2020-04-01,147753.0,5557935084.0
86.0,2020-05-01,146831.0,5644703170.0
86.0,2020-06-01,146656.0,8214528637.0
86.0,2020-07-01,144964.0,5689556095.0
86.0,2020-08-01,144522.0,5691704597.0
86.0,2020-09-01,144576.0,5748000477.0
86.0,2020-10-01,144844.0,5977206871.0
86.0,2020-11-01,145509.0,6070966509.0
86.0,2020-12-01,147346.0,9035175015.0
86.0,2021-01-01,148594.0,6599464819.0
86.0,2021-02-01,149170.0,7872744819.0
86.0,2021-03-01,148450.0,8121952802.0
86.0,2021-04-01,148321.0,8214040966.0
86.0,2021-05-01,147615.0,8223319306.0
86.0,2021-06-01,147873.0,12006472515.0
86.0,2021-07-01,147237.0,8608802240.0
86.0,2021-08-01,148124.0,8768966464.0
86.0,2021-09-01,149278.0,9038308791.0
86.0,2021-10-01,151592.0,9350883612.0
86.0,2021-11-01,153701.0,9690858591.0
86.0,2021-12-01,158092.0,14107354858.0
86.0,2022-01-01,160030.0,12659972341.0
86.0,2022-02-01,160354.0,12744050491.0
86.0,2022-03-01,159265.0,13316138799.0
86.0,2022-04-01,158489.0,13421076626.0
86.0,2022-05-01,157901.0,13911947922.0
86.0,2022-06-01,160548.0,20471114264.0
86.0,2022-07-01,159882.0,14774648080.0
86.0,2022-08-01,160766.0,15788959435.0
86.0,2022-09-01,160928.0,18396995136.0
86.0,2022-10-01,161045.0,19080468219.0
86.0,2022-11-01,162203.0,19846384697.0
90.0,2014-01-01,281507.0,2100996880.0
90.0,2014-02-01,283024.0,2083536161.0
90.0,2014-03-01,283002.0,2194334449.0
90.0,2014-04-01,284087.0,2289545083.0
90.0,2014-05-01,289278.0,2290964488.0
90.0,2014-06-01,295335.0,3415442096.0
90.0,2014-07-01,294521.0,2550444318.0
90.0,2014-08-01,292599.0,2545848842.0
90.0,2014-09-01,295203.0,2631132075.0
90.0,2014-10-01,294429.0,2688024449.0
90.0,2014-11-01,292372.0,2726945998.0
90.0,2014-12-01,292921.0,4002898057.0
90.0,2015-01-01,294303.0,2844224991.0
90.0,2015-02-01,296460.0,2784638089.0
90.0,2015-03-01,298736.0,3014981611.0
90.0,2015-04-01,302491.0,3018241897.0
90.0,2015-05-01,304844.0,3120887594.0
90.0,2015-06-01,309120.0,4721545499.0
90.0,2015-07-01,308566.0,3464536452.0
90.0,2015-08-01,307324.0,3473182353.0
90.0,2015-09-01,304474.0,3598703390.0
90.0,2015-10-01,303548.0,3606392345.0
90.0,2015-11-01,299443.0,3614936357.0
90.0,2015-12-01,300899.0,5386468806.0
90.0,2016-01-01,300164.0,3756436975.0
90.0,2016-02-01,303061.0,3769832254.0
90.0,2016-03-01,306808.0,3955758483.0
90.0,2016-04-01,308722.0,4146248536.0
90.0,2016-05-01,310138.0,4250181215.0
90.0,2016-06-01,315450.0,6279296723.0
90.0,2016-07-01,313584.0,4555772793.0
90.0,2016-08-01,313701.0,4642117922.0
90.0,2016-09-01,312285.0,4718360353.0
90.0,2016-10-01,315573.0,4847265075.0
90.0,2016-11-01,311996.0,4994636190.0
90.0,2016-12-01,310731.0,7485108270.0
90.0,2017-01-01,310255.0,5288518147.0
90.0,2017-02-01,312418.0,5148370107.0
90.0,2017-03-01,313737.0,5401477607.0
90.0,2017-04-01,316501.0,5374692838.0
90.0,2017-05-01,319465.0,5587804912.0
90.0,2017-06-01,324331.0,8208705681.0
90.0,2017-07-01,320618.0,5925567241.0
90.0,2017-08-01,319634.0,5978030877.0
90.0,2017-09-01,320889.0,6109930551.0
90.0,2017-10-01,324528.0,6347169484.0
90.0,2017-11-01,321134.0,6340782760.0
90.0,2017-12-01,321827.0,9411554613.0
90.0,2018-01-01,320194.0,6743783925.0
90.0,2018-02-01,323204.0,6616018105.0
90.0,2018-03-01,325250.0,6878220895.0
90.0,2018-04-01,325818.0,6946825596.0
90.0,2018-05-01,327209.0,7022541736.0
90.0,2018-06-01,330120.0,10340765038.0
90.0,2018-07-01,330771.0,7319135913.0
90.0,2018-08-01,340321.0,7597444403.0
90.0,2018-09-01,332863.0,7737471749.0
90.0,2018-10-01,330222.0,8771238495.0
90.0,2018-11-01,325557.0,8564456423.0
90.0,2018-12-01,323542.0,12563567665.0
90.0,2019-01-01,324733.0,9640380488.0
90.0,2019-02-01,325579.0,9378640786.0
90.0,2019-03-01,327411.0,9767147718.0
90.0,2019-04-01,336474.0,10127212867.0
90.0,2019-05-01,340355.0,10474791332.0
90.0,2019-06-01,335430.0,15097789076.0
90.0,2019-07-01,332679.0,11670745586.0
90.0,2019-08-01,330768.0,11449003758.0
90.0,2019-09-01,327842.0,11607325127.0
90.0,2019-10-01,330944.0,13303752268.0
90.0,2019-11-01,321244.0,12788879928.0
90.0,2019-12-01,320129.0,18816853180.0
90.0,2020-01-01,318823.0,13527353143.0
90.0,2020-02-01,321704.0,13845678988.0
90.0,2020-03-01,324616.0,13982615058.0
90.0,2020-04-01,324376.0,13638716758.0
90.0,2020-05-01,324428.0,14493688298.0
90.0,2020-06-01,325141.0,20520078578.0
90.0,2020-07-01,321178.0,15202456785.0
90.0,2020-08-01,320810.0,14689429457.0
90.0,2020-09-01,318939.0,14857169023.0
90.0,2020-10-01,317936.0,15697302055.0
90.0,2020-11-01,317436.0,15915540305.0
90.0,2020-12-01,316436.0,23500602156.0
90.0,2021-01-01,319821.0,17053680024.0
90.0,2021-02-01,321784.0,17289094703.0
90.0,2021-03-01,324952.0,19256253755.0
90.0,2021-04-01,326378.0,19150362577.0
90.0,2021-05-01,330573.0,20039721334.0
90.0,2021-06-01,336129.0,29576315213.0
90.0,2021-07-01,335350.0,22087709203.0
90.0,2021-08-01,339633.0,23015669394.0
90.0,2021-09-01,338854.0,23486301003.0
90.0,2021-10-01,337050.0,24356282805.0
90.0,2021-11-01,337492.0,25022368888.0
90.0,2021-12-01,337862.0,37279726064.0
90.0,2022-01-01,337851.0,26786558447.0
90.0,2022-02-01,339449.0,27005660454.0
90.0,2022-03-01,342642.0,31306878320.0
90.0,2022-04-01,344832.0,31472707875.0
90.0,2022-05-01,347236.0,33739807875.0
90.0,2022-06-01,346499.0,49555212933.0
90.0,2022-07-01,343730.0,36743370755.0
90.0,2022-08-01,343785.0,39166452981.0
90.0,2022-09-01,341191.0,40583857984.0
90.0,2022-10-01,341134.0,43737045246.0
90.0,2022-11-01,344971.0,46637265939.0
94.0,2014-01-01,59108.0,903428872.0
94.0,2014-02-01,58588.0,912593175.0
94.0,2014-03-01,58373.0,950699787.0
94.0,2014-04-01,58088.0,986050226.0
94.0,2014-05-01,58074.0,1023663954.0
94.0,2014-06-01,57839.0,1371026577.0
94.0,2014-07-01,58547.0,1158650631.0
94.0,2014-08-01,58991.0,1175609776.0
94.0,2014-09-01,59452.0,1122236284.0
94.0,2014-10-01,61200.0,1238826157.0
94.0,2014-11-01,60061.0,1292475734.0
94.0,2014-12-01,59277.0,1852125963.0
94.0,2015-01-01,57053.0,1188029132.0
94.0,2015-02-01,57535.0,1205607401.0
94.0,2015-03-01,57728.0,1246550955.0
94.0,2015-04-01,58360.0,1305552460.0
94.0,2015-05-01,58950.0,1382292694.0
94.0,2015-06-01,60590.0,1919381789.0
94.0,2015-07-01,59989.0,1503300000.0
94.0,2015-08-01,60724.0,1583772012.0
94.0,2015-09-01,61609.0,1641541663.0
94.0,2015-10-01,62897.0,1700455671.0
94.0,2015-11-01,63321.0,1788832909.0
94.0,2015-12-01,63192.0,2657269442.0
94.0,2016-01-01,59301.0,1595757268.0
94.0,2016-02-01,59270.0,1672600424.0
94.0,2016-03-01,59340.0,1722066061.0
94.0,2016-04-01,58698.0,1757971542.0
94.0,2016-05-01,59835.0,1848063346.0
94.0,2016-06-01,57700.0,2403333338.0
94.0,2016-07-01,57596.0,1953688610.0
94.0,2016-08-01,58324.0,1992817602.0
94.0,2016-09-01,58858.0,2022617137.0
94.0,2016-10-01,58898.0,2045033386.0
94.0,2016-11-01,59107.0,2121839639.0
94.0,2016-12-01,58436.0,3137193824.0
94.0,2017-01-01,57542.0,2038066924.0
94.0,2017-02-01,57783.0,2049504349.0
94.0,2017-03-01,57611.0,2145366087.0
94.0,2017-04-01,57151.0,2147736009.0
94.0,2017-05-01,57308.0,2228730190.0
94.0,2017-06-01,57461.0,3001353182.0
94.0,2017-07-01,57986.0,2365790968.0
94.0,2017-08-01,58868.0,2428613392.0
94.0,2017-09-01,59173.0,2451363230.0
94.0,2017-10-01,59962.0,2459351381.0
94.0,2017-11-01,60361.0,2572453836.0
94.0,2017-12-01,60762.0,3842434921.0
94.0,2018-01-01,59798.0,2465811286.0
94.0,2018-02-01,60063.0,2561718506.0
94.0,2018-03-01,59885.0,2597761321.0
94.0,2018-04-01,59509.0,2598378608.0
94.0,2018-05-01,58973.0,2675490793.0
94.0,2018-06-01,58236.0,3591238869.0
94.0,2018-07-01,58030.0,2687171435.0
94.0,2018-08-01,58133.0,2733088466.0
94.0,2018-09-01,57975.0,2740655253.0
94.0,2018-10-01,57991.0,2839307975.0
94.0,2018-11-01,57765.0,2907446613.0
94.0,2018-12-01,57782.0,4358472054.0
94.0,2019-01-01,56962.0,3043429755.0
94.0,2019-02-01,56713.0,2990517112.0
94.0,2019-03-01,56224.0,3458887570.0
94.0,2019-04-01,55725.0,3344003152.0
94.0,2019-05-01,55485.0,3383796801.0
94.0,2019-06-01,55352.0,4568285986.0
94.0,2019-07-01,55242.0,3539579318.0
94.0,2019-08-01,55417.0,3590710190.0
94.0,2019-09-01,55079.0,3575748447.0
94.0,2019-10-01,55276.0,3726639204.0
94.0,2019-11-01,55604.0,4237791161.0
94.0,2019-12-01,55862.0,5627088676.0
94.0,2020-01-01,55089.0,4034252292.0
94.0,2020-02-01,55270.0,4131913947.0
94.0,2020-03-01,54927.0,4234678999.0
94.0,2020-04-01,53423.0,3928060559.0
94.0,2020-05-01,54212.0,4154026054.0
94.0,2020-06-01,54588.0,5654142642.0
94.0,2020-07-01,55206.0,4701143729.0
94.0,2020-08-01,55161.0,4479997980.0
94.0,2020-09-01,56559.0,4933218258.0
94.0,2020-10-01,57594.0,5217062125.0
94.0,2020-11-01,58418.0,5435867086.0
94.0,2020-12-01,58529.0,8363255699.0
94.0,2021-01-01,57530.0,5766425799.0
94.0,2021-02-01,57302.0,5865282043.0
94.0,2021-03-01,57449.0,6364380051.0
94.0,2021-04-01,57472.0,6819335631.0
94.0,2021-05-01,57159.0,6775076135.0
94.0,2021-06-01,57183.0,9369861365.0
94.0,2021-07-01,56973.0,7285716405.0
94.0,2021-08-01,57217.0,7588906984.0
94.0,2021-09-01,58155.0,8279265205.0
94.0,2021-10-01,57860.0,8687991720.0
94.0,2021-11-01,59300.0,8952896331.0
94.0,2021-12-01,59863.0,13556929020.0
94.0,2022-01-01,59540.0,9653434256.0
94.0,2022-02-01,59161.0,9580375771.0
94.0,2022-03-01,59454.0,10557621483.0
94.0,2022-04-01,60035.0,10873862119.0
94.0,2022-05-01,60715.0,11824875425.0
94.0,2022-06-01,61337.0,16717284381.0
94.0,2022-07-01,61373.0,13747479170.0
94.0,2022-08-01,60945.0,14065747618.0
94.0,2022-09-01,61325.0,14865856687.0
94.0,2022-10-01,62432.0,16314182062.0
94.0,2022-11-01,63212.0,18222080569.0
